x,y,z,rank,color,group
0.9999867614401888,0.6812092877687039,1.0051455752217695,0,#9e0142,G0
0.999915009525193,1.9170646884901297,1.0130373972185136,1,#9e0142,G0
0.9996754739307177,0.9968695717249048,1.0254744346629114,2,#9e0142,G0
0.9993382132688613,0.47594508586927065,1.0363749295614428,3,#9e0142,G0
0.9990209594791467,1.1048781179832663,1.044239377497487,4,#9e0142,G0
0.9988209257398987,0.5695594100619086,1.0485464551135502,5,#9e0142,G0
0.9972405847526754,1.5410881232327307,1.0742375654378697,6,#9e0142,G0
0.9942058233515357,1.5383110499771822,1.1074931663590524,7,#9e0142,G0
0.9939118159825209,1.1811707580958675,1.1101785008535126,8,#9e0142,G0
0.9935727242649838,0.26461134970612576,1.1131955900053467,9,#9e0142,G0
0.9934279673782639,0.34638647245717524,1.1144590478323628,10,#9e0142,G0
0.9922282517854462,0.20463363177518845,1.1244310908044983,11,#9e0142,G0
0.9892026802294498,0.40037977641691236,1.146553940332128,12,#9e0142,G0
0.9881818988994183,1.774566302470372,1.153285794147859,13,#9e0142,G0
0.9880353536071103,0.9197504147890418,1.1542275592184241,14,#9e0142,G0
0.9873842434735735,0.5964915974110254,1.1583425266317264,15,#9e0142,G0
0.9848023911506664,1.1763029208705986,1.1736785835499874,16,#9e0142,G0
0.984360555842252,1.4387781240079471,1.1761655360788046,17,#9e0142,G0
0.9838026580301177,1.1316901908374217,1.1792549303446775,18,#9e0142,G0
0.98368367315506,1.9757783386670522,1.1799067290797347,19,#9e0142,G0
0.9820968166673371,1.934109836154439,1.1883768634728877,20,#9e0142,G0
0.9818994742890731,0.9789172708693963,1.1894028046013096,21,#9e0142,G0
0.9811190862408373,1.2543214229237165,1.1934045982233732,22,#9e0142,G0
0.973860617163231,0.2101893884979984,1.227146424885911,23,#9e0142,G0
0.9730723142372136,1.305999521890486,1.2305000461280504,24,#9e0142,G0
0.9708928699610112,0.7152780696964376,1.239514164630969,25,#9e0142,G0
0.9630010462171109,0.23112262720062793,1.2694976530227113,26,#9e0142,G0
0.9623949190320248,0.2881170821816845,1.2716542284252954,27,#9e0142,G0
0.9604241975763733,1.7053780114845387,1.2785414883096942,28,#9e0142,G0
0.9596727314015896,1.1118753776172134,1.2811196339713975,29,#9e0142,G0
0.9553143693214923,0.2710968662170128,1.2955917044977403,30,#9e0142,G0
0.951807251799344,1.0743402558974149,1.3066968461236277,31,#9e0142,G0
0.9511400876061699,1.9314685559605613,1.3087596698866735,32,#9e0142,G0
0.9449733795187716,0.6065838428393322,1.3271472329103084,33,#9e0142,G0
0.9428844111690085,1.4447830373964727,1.3331200792123947,34,#9e0142,G0
0.9346960006303782,1.6858422242549707,1.3554481486877883,35,#9e0142,G0
0.932567165788518,0.2178074776826524,1.3609965114695306,36,#9e0142,G0
0.9311043201233639,1.1763153409823435,1.36475299182818,37,#9e0142,G0
0.9298014574977705,1.0939001236891273,1.3680614753475586,38,#9e0142,G0
0.9192792324639283,0.235091881512127,1.393606012099067,39,#9e0142,G0
0.9129008519940165,1.8985598000862842,1.408181374426368,40,#9e0142,G0
0.9074554770143481,1.4088030788023473,1.4201482562580283,41,#9e0142,G0
0.9042657177779228,1.2024555153490404,1.4269701531156225,42,#9e0142,G0
0.8965424118551544,1.1019879403709725,1.4429579029038118,43,#9e0142,G0
0.8937754333825872,0.8603617152781082,1.4485147429926561,44,#9e0142,G0
0.8758802257862568,0.1956203229581055,1.4825285795438605,45,#9e0142,G0
0.8717059086131389,0.7768082343382106,1.4900293959436943,46,#9e0142,G0
0.866878190457834,0.02850303030059176,1.4985200125456863,47,#9e0142,G0
0.859870437436784,1.9648897660014197,1.5105123219103274,48,#9e0142,G0
0.859729993308981,1.0016563800032436,1.5107488018634398,49,#9e0142,G0
0.854134538257951,0.03892493461860069,1.5200521036923864,50,#9e0142,G0
0.8525267560216407,1.075891558303805,1.5226835852284037,51,#9e0142,G0
0.8516459150147151,0.940642564672082,1.524117577876137,52,#9e0142,G0
0.8474285716449078,0.9160419261776058,1.5309094234988407,53,#9e0142,G0
0.8446091056854974,0.06853408070445899,1.5353834687335277,54,#9e0142,G0
0.843187377311048,1.4550872191814996,1.537619797573821,55,#9e0142,G0
0.8388377343112718,1.9970531554167086,1.5443815348590841,56,#9e0142,G0
0.8307568002726399,0.6150640784374239,1.5566355529435443,57,#9e0142,G0
0.8303528947640216,0.3362842360456406,1.5572378936836668,58,#9e0142,G0
0.8277459701472972,1.8861245212055582,1.5611030287789487,59,#9e0142,G0
0.8259109987869792,1.5681172289343082,1.5638005162135757,60,#9e0142,G0
0.8237716889190163,1.7754016714546397,1.5669216917136894,61,#9e0142,G0
0.8227432300682002,0.28191495304738745,1.568413210065481,62,#9e0142,G0
0.8164977681664443,1.9960455755162012,1.5773485901768667,63,#9e0142,G0
0.8148584859749808,0.6157481959200466,1.5796599415472508,64,#9e0142,G0
0.8118725530443793,0.4625099059593769,1.5838347005901596,65,#9e0142,G0
0.805775322956693,0.6885783293978778,1.5922213512817966,66,#9e0142,G0
0.8011493737054357,1.28844635585964,1.598464435878514,67,#9e0142,G0
0.7967402728361586,0.32051984027319014,1.6043218824773464,68,#9e0142,G0
0.7949424734216989,1.2679633060147664,1.6066848143395314,69,#9e0142,G0
0.7948529038390977,1.9269399894903714,1.6068021598993811,70,#9e0142,G0
0.7899112380012735,0.7545378653315205,1.613221196697648,71,#9e0142,G0
0.7851042353039686,0.11581855379252048,1.6193636570769798,72,#9e0142,G0
0.7841326344839149,0.04190013853546093,1.6205932738415032,73,#9e0142,G0
0.758203788281114,0.4385587704061351,1.6520176496354742,74,#9e0142,G0
0.7512312420650833,1.9580218380016456,1.6600391056182597,75,#9e0142,G0
0.7483021554724605,1.5623856879247813,1.663358036142828,76,#9e0142,G0
0.7320446041161021,0.792445489323488,1.6812567046161817,77,#9e0142,G0
0.7255271493806985,1.6993797528423766,1.6881935450957946,78,#9e0142,G0
0.7218236388299129,1.5909130535526292,1.6920770437070884,79,#9e0142,G0
0.7200718959516665,1.6122483028808883,1.6938994629343451,80,#9e0142,G0
0.7065127265694606,0.23783388429202712,1.7077003371451696,81,#9e0142,G0
0.693805427743008,0.06589089706246476,1.7201625014080792,82,#9e0142,G0
0.6813621499433662,0.8232310272275176,1.731946460217244,83,#9e0142,G0
0.664877727722355,0.8567570262117126,1.746952212111831,84,#9e0142,G0
0.6641136316139342,0.33487163891907845,1.7476316501490234,85,#9e0142,G0
0.6550270980255679,1.6812818164009558,1.7556053869925776,86,#9e0142,G0
0.6330043053360652,1.4017112988954754,1.7741482735406735,87,#9e0142,G0
0.6171300865145013,0.30405445441913903,1.7868611417007476,88,#9e0142,G0
0.6145128995192005,0.5703498562651446,1.7889067728981067,89,#9e0142,G0
0.6118841633521572,1.1794236359858463,1.7909473880346471,90,#9e0142,G0
0.609665371423352,1.9310332782749466,1.7926589019794241,91,#9e0142,G0
0.608606614315196,1.996709754198539,1.7934721097882358,92,#9e0142,G0
0.60849391653744,0.13319266447110234,1.7935585381916868,93,#9e0142,G0
0.6053601378722935,1.5825631044649875,1.7959516966972542,94,#9e0142,G0
0.6040982202441084,1.3210723542890803,1.796909869620085,95,#9e0142,G0
0.5907174571520946,0.4025335315217309,1.806878482682345,96,#9e0142,G0
0.5898196137810692,1.771045274897754,1.8075350290849,97,#9e0142,G0
0.5876780353389438,1.0308661733726647,1.8090948811976004,98,#9e0142,G0
0.5860539381241887,0.5532994604183792,1.8102720417298932,99,#9e0142,G0
0.17686623195384057,0.9083305366967962,1.9842348987891305,150,#e2514a,G1
0.1767981198424302,1.9210447962386616,1.9842471360487577,151,#e2514a,G1
0.17371581409193004,1.9659802199156793,1.9847958244907307,152,#e2514a,G1
0.16156791755163294,0.04915404861393213,1.986861595168253,153,#e2514a,G1
0.14772578603377032,0.914777397571622,1.9890283576018963,154,#e2514a,G1
0.13447839221330912,0.07608936307011582,1.9909165262663264,155,#e2514a,G1
0.12500086884166978,0.30968140680315326,1.9921566321850737,156,#e2514a,G1
0.09676633153361958,0.5327407832181936,1.9953071270123237,157,#e2514a,G1
0.07247968827727327,1.409896123845519,1.99736988865076,158,#e2514a,G1
0.07081904941166481,0.9670013167679201,1.99748917900919,159,#e2514a,G1
0.06829719783180443,0.6897131732454962,1.9976650203191066,160,#e2514a,G1
0.06424571200865538,0.16089703107480102,1.997934110294112,161,#e2514a,G1
0.06062256534775456,1.5378388724296435,1.9981607608850678,162,#e2514a,G1
0.05839118117249939,0.5156433886170728,1.9982937793862487,163,#e2514a,G1
0.05772147021065428,1.5125744630022315,1.9983327260371266,164,#e2514a,G1
0.05046848872804136,0.46554534436222417,1.9987256538436906,165,#e2514a,G1
0.04283575594132141,0.5883617597427031,1.9990821277617448,166,#e2514a,G1
0.040597557383043985,0.9877309738410742,1.9991755793325467,167,#e2514a,G1
0.03932635344057861,0.46114257938764003,1.9992264197493312,168,#e2514a,G1
0.03497990611742231,0.633082241916268,1.9993880158216908,169,#e2514a,G1
0.018589399555961103,1.440531705009516,1.9998272021825314,170,#e2514a,G1
0.005832416745883513,1.5189005029152856,1.9999829913128035,171,#e2514a,G1
-0.02222876468877305,1.0566302541147012,1.9997529104835912,172,#e2514a,G1
-0.04675821793141091,1.8469110764082133,1.9989062363684984,173,#e2514a,G1
-0.04886151030233327,1.3557899392370425,1.9988055630656925,174,#e2514a,G1
-0.05919715645779688,1.9407506556744332,1.9982463106204356,175,#e2514a,G1
-0.07524897789735245,1.8383420014475993,1.9971647764163172,176,#e2514a,G1
-0.07631673014400545,0.6352637465478923,1.9970836257306241,177,#e2514a,G1
-0.0819544688335897,1.7756686125669392,1.9966360745217906,178,#e2514a,G1
-0.09253863791351555,0.1512213461301688,1.9957090943107385,179,#e2514a,G1
-0.09728972556178694,0.802776493249441,1.9952561023676831,180,#e2514a,G1
-0.1120444524434812,1.5238530228991982,1.993703195464642,181,#e2514a,G1
-0.12162657042018278,1.7206213566868391,1.9925759302782957,182,#e2514a,G1
-0.12341887645446473,0.25273505066120694,1.992354664892909,183,#e2514a,G1
-0.13608767119642762,0.6100933967257232,1.9906967980912893,184,#e2514a,G1
-0.15364083628404515,0.9755291189954134,1.9881267597965047,185,#e2514a,G1
-0.15511275076422218,1.5179691095046839,1.9878967732260069,186,#e2514a,G1
-0.15593645422657648,1.0241614318475691,1.9877670890666699,187,#e2514a,G1
-0.17408569534809729,1.53013989831628,1.9847305066235987,188,#e2514a,G1
-0.1767354198524602,1.2163431713535588,1.9842583966467213,189,#e2514a,G1
-0.17783036140916111,1.8765122739279245,1.9840611579373952,190,#e2514a,G1
-0.18299438661825346,0.5526743054740988,1.9831139580263364,191,#e2514a,G1
-0.1916772285970102,1.4159647093023733,1.9814580174604361,192,#e2514a,G1
-0.21674414205755274,0.765528438485543,1.976228445028998,193,#e2514a,G1
-0.22335447234973949,0.21913938408337863,1.9747372875197549,194,#e2514a,G1
-0.2782280111550658,1.0224435751473733,1.9605150565236844,195,#e2514a,G1
-0.2824973539589078,1.0646406565171216,1.9592680777583582,196,#e2514a,G1
-0.2843519616758151,1.1075321474121531,1.9587199600984198,197,#e2514a,G1
-0.30539478595557595,0.4082885510274521,1.9522258265302135,198,#e2514a,G1
-0.3089858451302772,0.9725441726586297,1.9510666367343186,199,#e2514a,G1
-0.3528019497643386,1.4201166100313773,1.9356980197918991,200,#e2514a,G1
-0.3751541527791871,0.00930967367436697,1.9269624381022838,201,#e2514a,G1
-0.3819860275373568,1.487875641263483,1.9241680987603011,202,#e2514a,G1
-0.3874101698906997,1.6474353440463387,1.9219074575385857,203,#e2514a,G1
-0.39498394592704655,0.9819327710809489,1.9186880223775098,204,#e2514a,G1
-0.3957959463773553,1.8229017507015246,1.9183384827128034,205,#e2514a,G1
-0.40045431511072727,1.304249189684278,1.916316725542647,206,#e2514a,G1
-0.40969361647792146,1.0246982913111962,1.9122231857485545,207,#e2514a,G1
-0.4180978526421641,1.215483694771702,1.9084019956032743,208,#e2514a,G1
-0.42559716366299255,0.2094722133625866,1.9049127329649065,209,#e2514a,G1
-0.43005557736613126,1.2332368871041481,1.90280241491496,210,#e2514a,G1
-0.44330634997756324,1.7496847238786777,1.8963701691095984,211,#e2514a,G1
-0.4442309496548198,1.5148131116434518,1.8959123078565094,212,#e2514a,G1
-0.4522311240624312,0.938768710290306,1.8919007850816312,213,#e2514a,G1
-0.4556992626785176,0.8972013240354344,1.890133800051574,214,#e2514a,G1
-0.4559235306949584,1.6328420624287114,1.8900189515727424,215,#e2514a,G1
-0.4623358007958032,1.2885972549312248,1.8867049155736666,216,#e2514a,G1
-0.4826112289243875,0.25032331592268586,1.8758346885777546,217,#e2514a,G1
-0.49131264192987767,0.519200466995239,1.8709832879452302,218,#e2514a,G1
-0.49324486194934086,0.6203909964884062,1.8698905138927402,219,#e2514a,G1
-0.5052275940551874,1.5397430293381107,1.8629861402161723,220,#e2514a,G1
-0.5069981132102029,0.944827578342146,1.861947163810691,221,#e2514a,G1
-0.5138307332715529,1.394660501660103,1.8578915884572003,222,#e2514a,G1
-0.5169994612311953,1.6620622279907564,1.8559857224782745,223,#e2514a,G1
-0.5413519948690235,1.8888082429391122,1.8407960618671622,224,#e2514a,G1
-0.5417654114605998,1.336436459085542,1.8405297370973421,225,#e2514a,G1
-0.5444945663473958,0.11951583592078796,1.8387643693065183,226,#e2514a,G1
-0.5514877312445577,1.2877280734451935,1.8341830028757062,227,#e2514a,G1
-0.5587069257580203,0.055306313010685004,1.829365161500061,228,#e2514a,G1
-0.5752747916638947,1.5723769989301215,1.8179602154604235,229,#e2514a,G1
-0.5793727424829399,1.8757287488880783,1.8150627124754248,230,#e2514a,G1
-0.5823865586934001,0.5697710411074624,1.8129119855514857,231,#e2514a,G1
-0.5832836462689855,0.0503805785810123,1.8122685442605524,232,#e2514a,G1
-0.5884478193543983,1.2150907195815885,1.8085351964491425,233,#e2514a,G1
-0.6208821999919208,1.6859465928021684,1.783903880417231,234,#e2514a,G1
-0.6213653870832764,1.5380939886402811,1.7835209350967274,235,#e2514a,G1
-0.6219971427410643,0.8461088803322423,1.783019510882042,236,#e2514a,G1
-0.625830523964929,0.21299062754212073,1.7799590728197106,237,#e2514a,G1
-0.6375712016972109,0.29480020502644133,1.7703914347696075,238,#e2514a,G1
-0.6434230134654854,0.5187547682830405,1.7655108266660857,239,#e2514a,G1
-0.6476686103304599,0.7932202242521293,1.7619221555989897,240,#e2514a,G1
-0.6486620453476672,0.39503821369217085,1.7610765736280292,241,#e2514a,G1
-0.6511308870149504,1.751384540469846,1.7589654590132044,242,#e2514a,G1
-0.6531092836589252,1.1222418548595496,1.757263668479167,243,#e2514a,G1
-0.6689985537594151,1.116102473314525,1.7432637049310367,244,#e2514a,G1
-0.6722417251790826,1.057483023398896,1.7403317249235308,245,#e2514a,G1
-0.6755682459062127,1.4010572456357255,1.737297460407401,246,#e2514a,G1
-0.6803899149980419,0.8175476589396746,1.7328503009271112,247,#e2514a,G1
-0.6837928761952963,1.3231552964596678,1.7296761627356099,248,#e2514a,G1
-0.6895604910665909,1.1734343324464684,1.7242280919434168,249,#e2514a,G1
-0.9286863201874944,0.9466524008982864,1.3708661735675156,300,#fca55d,G2
-0.9323326224941133,0.34234409631031704,1.3616018266453436,301,#fca55d,G2
-0.9391884252588453,1.2789255489480205,1.3434022449836494,302,#fca55d,G2
-0.9405277992960943,1.6712920751669513,1.339716733104576,303,#fca55d,G2
-0.9433151084728726,0.32736852230329694,1.3318984876838287,304,#fca55d,G2
-0.9456388279388096,0.029952520438038865,1.3252187065568561,305,#fca55d,G2
-0.9459295316525461,0.6608811452056877,1.3243721953984262,306,#fca55d,G2
-0.9511407065282562,0.08174972018803661,1.3087577632788032,307,#fca55d,G2
-0.9522253236321566,1.232365981231919,1.3053963539953197,308,#fca55d,G2
-0.9555381160574689,1.2066459845814892,1.2948676122624239,309,#fca55d,G2
-0.955604283137325,0.6842077504075774,1.2946531079924308,310,#fca55d,G2
-0.9624728627250612,1.396232751413799,1.2713779440518804,311,#fca55d,G2
-0.9625371209081431,0.7371978398871508,1.2711499416814664,312,#fca55d,G2
-0.9631674326523942,0.19751977358111006,1.2689023924731715,313,#fca55d,G2
-0.9632232765169356,0.39290198364190787,1.2687022879991516,314,#fca55d,G2
-0.9689184607369826,0.7481252500146514,1.2473803073065362,315,#fca55d,G2
-0.9766934339972625,0.8935866407381623,1.2146390830828229,316,#fca55d,G2
-0.9776131148393232,0.3702327777584611,1.210410545586851,317,#fca55d,G2
-0.9794690440124854,0.617055919108801,1.2015946225008696,318,#fca55d,G2
-0.9797513899930772,1.7337218273187498,1.200217915798345,319,#fca55d,G2
-0.9844099317700022,0.2595252451367627,1.17588941478264,320,#fca55d,G2
-0.9857953935823573,0.9506495644241648,1.1679507129839142,321,#fca55d,G2
-0.9874425054431692,0.8275364161345535,1.157978791121203,322,#fca55d,G2
-0.9875046869089814,0.8262695435655296,1.15758963586732,323,#fca55d,G2
-0.9895532760697339,0.7958372296698755,1.144167658716014,324,#fca55d,G2
-0.989890656811172,1.5769367740488827,1.1418326040018525,325,#fca55d,G2
-0.9903341098276313,0.7084496436545256,1.138702382502656,326,#fca55d,G2
-0.9921349475546959,0.33963900634342936,1.125172863834942,327,#fca55d,G2
-0.9932987682406719,1.656960981035703,1.1155748978436235,328,#fca55d,G2
-0.9946310116549394,1.1053729422164278,1.1034850262321643,329,#fca55d,G2
-0.9951039021529448,1.7503992196726368,1.0988343256160655,330,#fca55d,G2
-0.9977847822243561,0.3883884152269381,1.0665246447678927,331,#fca55d,G2
-0.9980469245793727,0.23669886803893814,1.0624686828551395,332,#fca55d,G2
-0.9986010876522993,1.5497595586948039,1.0528759656143027,333,#fca55d,G2
-0.9987312681510723,0.8232529190168734,1.0503572637992868,334,#fca55d,G2
-0.9995824479214577,1.2887942819011362,1.0288951519696004,335,#fca55d,G2
-0.9999969675959615,0.7633074932908643,1.0024626812383302,336,#fca55d,G2
-0.9999984272304373,0.8707069326503141,1.0017735660832803,337,#fca55d,G2
-0.9999986532976367,1.8592374788935089,0.9983588409848517,338,#fca55d,G2
-0.9999822863702219,1.6976660512088202,0.9940479460869751,339,#fca55d,G2
-0.999942239796754,1.23407042128225,0.9892521132192912,340,#fca55d,G2
-0.9997918639379515,1.690729037335526,0.9795983137099754,341,#fca55d,G2
-0.9996894858878993,0.018568901011854155,0.9750814967305921,342,#fca55d,G2
-0.9996595035980838,1.3319198373881138,0.9739063826571923,343,#fca55d,G2
-0.9992373826246103,0.8346662841251915,0.9609531926334774,344,#fca55d,G2
-0.9989659456453305,1.5402562483831643,0.9545352945579687,345,#fca55d,G2
-0.9982390371806842,0.9091797344609656,0.9406803182022978,346,#fca55d,G2
-0.9968940352740935,1.57973900621825,0.9212454291171963,347,#fca55d,G2
-0.9963974611410082,1.367203000707114,0.915193753580571,348,#fca55d,G2
-0.996179575710668,1.9651477773618256,0.9126715800159336,349,#fca55d,G2
-0.9955100199788436,1.7631345401449912,0.9053437792761488,350,#fca55d,G2
-0.9944368289552457,0.23604062248375834,0.8946653275628799,351,#fca55d,G2
-0.994248966430731,1.3906929362790597,0.8929066166776715,352,#fca55d,G2
-0.993591780558348,0.7790970146911376,0.886971801717927,353,#fca55d,G2
-0.9934267094084521,1.7536412408012616,0.885530034358812,354,#fca55d,G2
-0.9914309599946843,0.584354730335044,0.8693682597374639,355,#fca55d,G2
-0.9902105400841288,1.493667621870713,0.8604181734383093,356,#fca55d,G2
-0.9898333214862746,0.3959655998795897,0.8577678106916391,357,#fca55d,G2
-0.9897750869574736,0.20797615508684086,0.8573631280547501,358,#fca55d,G2
-0.9884998057058376,0.41290282249262944,0.8487778649816067,359,#fca55d,G2
-0.9847403423265316,0.38666928153382796,0.8259699503113748,360,#fca55d,G2
-0.9846693314694009,0.05672586846015015,0.8255686161735709,361,#fca55d,G2
-0.9785119427021706,1.234994535334572,0.7938098499219131,362,#fca55d,G2
-0.9780354087531808,1.5758315019077525,0.7915611858961998,363,#fca55d,G2
-0.9758339937583008,1.9707571291342119,0.781486804458576,364,#fca55d,G2
-0.9744982319068691,0.29168233174170144,0.7756048217755427,365,#fca55d,G2
-0.9743334922786535,1.4094643888333402,0.7748905914358906,366,#fca55d,G2
-0.9708946149894465,0.26629638307153636,0.7604929091143764,367,#fca55d,G2
-0.9697261454668977,0.283634551402955,0.7558049902272508,368,#fca55d,G2
-0.9686345539353378,0.8710630810618669,0.7515103605329002,369,#fca55d,G2
-0.9672916528155101,0.9793698247290983,0.746333174432606,370,#fca55d,G2
-0.9632465724084965,0.9053070584113914,0.7313812353105555,371,#fca55d,G2
-0.959295166450152,1.9384117434353705,0.7175946466063805,372,#fca55d,G2
-0.9570461702404514,0.9631067092564114,0.7100644415941967,373,#fca55d,G2
-0.9560370105413049,0.853187819197758,0.7067539693785353,374,#fca55d,G2
-0.9555158056054815,1.3924384005012376,0.7050600989386016,375,#fca55d,G2
-0.948415492017325,0.7846378801309188,0.6829699470057526,376,#fca55d,G2
-0.9473476032743363,1.1572199602342004,0.6797930066810365,377,#fca55d,G2
-0.9473171403750815,1.6546264555516994,0.6797028948748084,378,#fca55d,G2
-0.9453156084767076,0.6406525730216632,0.6738429820311818,379,#fca55d,G2
-0.9448826896651944,0.16658195943799847,0.6725909244216528,380,#fca55d,G2
-0.9381278209311021,0.5161184250768145,0.6537108266274241,381,#fca55d,G2
-0.9346016005786828,1.76864845277827,0.6443037135479703,382,#fca55d,G2
-0.9320287571952882,1.816496758469158,0.6376156794768757,383,#fca55d,G2
-0.9308083432859791,1.6739807305773675,0.6344923693420192,384,#fca55d,G2
-0.9301831574966516,1.8013504776177303,0.6329042447677181,385,#fca55d,G2
-0.9291587202718256,0.4253648176236575,0.6303189583670492,386,#fca55d,G2
-0.9281023067996795,1.0554294511457316,0.6276747280762244,387,#fca55d,G2
-0.9268448707417206,1.328394210162298,0.6245554826878369,388,#fca55d,G2
-0.9263976483201251,0.9174457772270053,0.6234533266818815,389,#fca55d,G2
-0.9187902193902998,0.6433952369272444,0.6052538375706171,390,#fca55d,G2
-0.9174751676759617,1.6836314788101705,0.6022069423708276,391,#fca55d,G2
-0.9149628429074981,0.45239260168401274,0.5964619025437263,392,#fca55d,G2
-0.9136448629992265,1.776530081088087,0.593486698477006,393,#fca55d,G2
-0.9117448783522824,1.8308152977036012,0.5892430441266004,394,#fca55d,G2
-0.9085758177994321,1.8042624296084642,0.5822800180622272,395,#fca55d,G2
-0.9051199548943505,1.8265671927340674,0.5748437143213699,396,#fca55d,G2
-0.9034774901653732,1.5996598617769413,0.571364461617474,397,#fca55d,G2
-0.8932431184237987,1.0629885566626156,0.5504260557054851,398,#fca55d,G2
-0.8905431613879824,1.907351392854626,0.5451012445553429,399,#fca55d,G2
-0.6022894621095487,1.5835228423607417,0.20172222639497817,450,#fee999,G3
-0.5997155910084241,1.542154693630376,0.1997867722279164,451,#fee999,G3
-0.5957764064079712,0.08552627589559769,0.19684965693364498,452,#fee999,G3
-0.5904440913889157,0.5105290341840512,0.19292145676897243,453,#fee999,G3
-0.5897346086130766,0.08888677651911236,0.19240289041875502,454,#fee999,G3
-0.5794948681999074,0.7984447673158186,0.18502411217878845,455,#fee999,G3
-0.5683168868325585,0.44243625546318466,0.17719023089115615,456,#fee999,G3
-0.5592326206815322,0.6334613331069125,0.1709892184261621,457,#fee999,G3
-0.5548866216499575,1.0401628332713462,0.16807401945010936,458,#fee999,G3
-0.5469085315382272,0.02701741325343776,0.16280763373600926,459,#fee999,G3
-0.5337263012684148,1.4406385319737671,0.15434271993062265,460,#fee999,G3
-0.5252697743139936,1.6334513740597827,0.1490642420299132,461,#fee999,G3
-0.5195303805730929,1.6946153766674696,0.14554802144206058,462,#fee999,G3
-0.49883364580758505,0.3310912255925109,0.13330224771820665,463,#fee999,G3
-0.4861344181510781,1.1773243093629484,0.12611595306418788,464,#fee999,G3
-0.4840006071353274,1.2566276607478244,0.12493233844882912,465,#fee999,G3
-0.4800158846257112,1.0456485658476955,0.12274020352748649,466,#fee999,G3
-0.4779606836713798,0.40559208237399047,0.1216187702003263,467,#fee999,G3
-0.4676312192864813,1.9149770868956988,0.11607633658293837,468,#fee999,G3
-0.45992874600572237,0.6396677787663085,0.1120441741856728,469,#fee999,G3
-0.4386266902248728,1.6609526902419192,0.10133063553808985,470,#fee999,G3
-0.4278171011157847,0.8636853012994123,0.09613467375228602,471,#fee999,G3
-0.42399317584327845,0.3119558560689131,0.09433461651759556,472,#fee999,G3
-0.42267684997973504,1.6304500814327454,0.09371953541345235,473,#fee999,G3
-0.41869628227066363,1.8243019060231775,0.09187367441928829,474,#fee999,G3
-0.40769562115267555,0.38724658080499297,0.08688211029849269,475,#fee999,G3
-0.4016935610268299,1.732269412649462,0.0842258558849871,476,#fee999,G3
-0.40160927433230936,1.887701714701639,0.08418888914237566,477,#fee999,G3
-0.39937055480129247,1.690155254555749,0.08321040584128148,478,#fee999,G3
-0.398417063702604,1.3689970930481352,0.08279563708484505,479,#fee999,G3
-0.3950297949879136,1.096512563884176,0.08133169148391373,480,#fee999,G3
-0.39375371145301596,1.5262804605095859,0.08078402172450516,481,#fee999,G3
-0.39232644375742803,0.06038554653742323,0.08017395039678854,482,#fee999,G3
-0.3843764227025022,0.43972155328321394,0.07682354575605244,483,#fee999,G3
-0.38120413940469067,1.774263086862815,0.07550911086115664,484,#fee999,G3
-0.3803257310582451,1.4792650023598986,0.07514739644902801,485,#fee999,G3
-0.3771341112641475,0.3326492274392774,0.0738413407406906,486,#fee999,G3
-0.36938709428068195,1.4063780320313286,0.07072438180113938,487,#fee999,G3
-0.3551256338522179,1.2792444859274832,0.06518141643361597,488,#fee999,G3
-0.3365902758075855,0.8033763700079775,0.05834879799802006,489,#fee999,G3
-0.31220530297321153,1.43028650405072,0.04998534285232992,490,#fee999,G3
-0.29117560869859854,1.8833355907795128,0.04333037839649123,491,#fee999,G3
-0.2733668362537469,1.9193912780584872,0.038090143081683014,492,#fee999,G3
-0.2731125740339109,1.4274355180022713,0.03801792017492789,493,#fee999,G3
-0.25042717492094313,1.3874466773444558,0.03186456006346128,494,#fee999,G3
-0.22804290598696297,0.2960773585555241,0.026348916177349913,495,#fee999,G3
-0.20912173158278505,0.3977844355348963,0.022110383847022574,496,#fee999,G3
-0.20244605428141554,0.6611926015184206,0.02070658375240464,497,#fee999,G3
-0.19307587317272268,0.6309303143341118,0.0188161705375538,498,#fee999,G3
-0.18681759410779025,1.5215852573336037,0.017605381462328595,499,#fee999,G3
-0.16340361008945894,0.3029720156123856,0.013440696050292078,500,#fee999,G3
-0.15587403614426107,0.5561004766024442,0.012223059159560234,501,#fee999,G3
-0.15471402786552893,1.2311944382192894,0.012040704491513843,502,#fee999,G3
-0.1412217810956371,0.3722603326660048,0.010022016131582823,503,#fee999,G3
-0.1350428585156923,1.277218355282826,0.00916024183326658,504,#fee999,G3
-0.12772862009431135,1.2143612802603843,0.0081908451678806,505,#fee999,G3
-0.11588694463309135,1.636202100048058,0.006737589524496879,506,#fee999,G3
-0.112329325171044,0.7276895501832756,0.006328966555521509,507,#fee999,G3
-0.09124287603642883,0.5101275706332788,0.004171331215755303,508,#fee999,G3
-0.08980246836615363,1.1209011774195605,0.00404040409495221,509,#fee999,G3
-0.07633957303623638,1.0378513572743304,0.002918122926384159,510,#fee999,G3
-0.07192987459928087,0.6844526625019212,0.0025903082784227704,511,#fee999,G3
-0.05691530008400565,0.641495832089892,0.0016209894952980974,512,#fee999,G3
-0.03796994177981784,0.7766663329489052,0.0007211182451430931,513,#fee999,G3
-0.024583324168631165,0.10210612938384722,0.0003022155807186344,514,#fee999,G3
-0.020950617192998598,0.47194077048314,0.00021948826793360965,515,#fee999,G3
-0.017156346731094813,1.1168200530917598,0.00014718094769450296,516,#fee999,G3
0.010020000225205255,0.21936612422591706,-5.02014623500191e-05,517,#fee999,G3
0.012481681479906411,1.7036171655144863,-7.789922042722441e-05,518,#fee999,G3
0.022518202799803155,0.03250557735473936,-0.0002535668767470467,519,#fee999,G3
0.025639759596248802,1.0937363576126824,-0.00032875267523746476,520,#fee999,G3
0.055261200153519124,0.45548198669457296,-0.0015280676165240203,521,#fee999,G3
0.0594562239696969,0.2592380970335202,-0.0017690861172123817,522,#fee999,G3
0.06463676728431021,1.3206771919564448,-0.0020911422805016677,523,#fee999,G3
0.07190124041569325,0.5409546818932465,-0.002588243689355396,524,#fee999,G3
0.09229909439459515,0.6973303954367354,-0.004268672194181922,525,#fee999,G3
0.09426643659814668,1.6206041630864645,-0.004452995117213199,526,#fee999,G3
0.10647667115573219,0.04953811607849734,-0.005684799221296166,527,#fee999,G3
0.13635329018083697,1.3018280077150115,-0.009339725104079655,528,#fee999,G3
0.1401752796030314,1.442396225861806,-0.009873295487788591,529,#fee999,G3
0.14685490104032956,0.9532284571346521,-0.010841954973607404,530,#fee999,G3
0.16240638820192646,0.9868139245783563,-0.013276044138379461,531,#fee999,G3
0.16256974661912654,1.1515056900611045,-0.01330294543654742,532,#fee999,G3
0.16306281435303835,1.9301899464359389,-0.013384310597451266,533,#fee999,G3
0.1702249683893263,0.8404670729453072,-0.014594773640380532,534,#fee999,G3
0.17069766985531531,0.23311722485919706,-0.014676547774302828,535,#fee999,G3
0.1765862342554819,0.33785223172913126,-0.015714826957416772,536,#fee999,G3
0.18694038715772712,0.8289130696113594,-0.017628740419733613,537,#fee999,G3
0.19442569256520753,0.7061499210432172,-0.019082750650933122,538,#fee999,G3
0.19696895292796662,0.5983072890876322,-0.01959027361900345,539,#fee999,G3
0.20446348439412568,1.99163058591927,-0.021125808109431654,540,#fee999,G3
0.2058282406760534,0.0007346875029157207,-0.021411866339980268,541,#fee999,G3
0.20748434881529065,1.9963979056892192,-0.021761662478568145,542,#fee999,G3
0.21735878396619526,0.08581238080511633,-0.023908222023801273,543,#fee999,G3
0.22595912583716726,0.3263634110282414,-0.025863216251997168,544,#fee999,G3
0.22775776719229698,1.6514763771141927,-0.02628217666329047,545,#fee999,G3
0.23317447666535673,0.4436480610199922,-0.02756508524640222,546,#fee999,G3
0.25088727056822174,1.9781761507137074,-0.03198368946239971,547,#fee999,G3
0.2629707319092402,1.7692441136896853,-0.03519618877249531,548,#fee999,G3
0.2689745659118072,0.21494513553760908,-0.0368527200409301,549,#fee999,G3
0.7422026766124038,0.38798159520039466,-0.32982451042328953,600,#edf8a3,G4
0.7482052622987163,1.34602026766968,-0.3365326794268545,601,#edf8a3,G4
0.7495497077560211,1.2990684483505937,-0.3380519388933423,602,#edf8a3,G4
0.7555253064054263,0.5617189892644854,-0.3448805365576544,603,#edf8a3,G4
0.7562127381927497,0.548591407685503,-0.34567416786816074,604,#edf8a3,G4
0.7564762216512452,1.8581323145375357,-0.34597880303750383,605,#edf8a3,G4
0.7567133625684985,0.3526658149289783,-0.3462531935754667,606,#edf8a3,G4
0.7626981634058174,1.0379798407728635,-0.3532454008378503,607,#edf8a3,G4
0.7638458883272091,1.3157242674528564,-0.35460131787737836,608,#edf8a3,G4
0.7888036974192636,0.11804649053822946,-0.38535479588814914,609,#edf8a3,G4
0.8101946007170922,0.4192054577543911,-0.4138390076362368,610,#edf8a3,G4
0.8111843551355239,0.27687368272870283,-0.4152094888052952,611,#edf8a3,G4
0.8240493010793997,0.9516523917144455,-0.43348190726989766,612,#edf8a3,G4
0.8312136731689501,1.928400838909563,-0.44404691786358297,613,#edf8a3,G4
0.8350071303564027,0.371795205710995,-0.4497608772052232,614,#edf8a3,G4
0.8394724824621134,0.627390108044634,-0.45659779979383874,615,#edf8a3,G4
0.8425124963487735,0.6781891769548061,-0.46132320126428505,616,#edf8a3,G4
0.8429441743703885,1.9959880018713172,-0.46199896013574093,617,#edf8a3,G4
0.8472578783202035,1.9813033852127988,-0.4688182160273686,618,#edf8a3,G4
0.8706279220483758,0.5087648022352487,-0.5080579085403167,619,#edf8a3,G4
0.8741797433969853,1.7815286929001866,-0.5143975121208904,620,#edf8a3,G4
0.879163460349098,0.7349506445038545,-0.5234796856512831,621,#edf8a3,G4
0.881393676725748,1.7972753368165324,-0.527617541998152,622,#edf8a3,G4
0.8816739739794736,0.5629074545887875,-0.5281409070418982,623,#edf8a3,G4
0.8862210825595,0.5374180575136986,-0.5367374471996816,624,#edf8a3,G4
0.8921475366250874,0.5306066490740948,-0.5482558546103907,625,#edf8a3,G4
0.8951147153118407,0.6999856872603378,-0.5541641036971089,626,#edf8a3,G4
0.8961258793484429,0.04271736587669661,-0.5562000356444583,627,#edf8a3,G4
0.8967054109437353,0.0041292711488434275,-0.557372158597963,628,#edf8a3,G4
0.8986359188491166,1.370934291826234,-0.5613047921914307,629,#edf8a3,G4
0.9000613367507855,1.2811291870424368,-0.5642367729071334,630,#edf8a3,G4
0.9094640616656642,0.22550301980731668,-0.5842174600363875,631,#edf8a3,G4
0.9106716687676931,1.8507900505848813,-0.5868691348932338,632,#edf8a3,G4
0.9113985052757999,1.2459366459566086,-0.5884750741679943,633,#edf8a3,G4
0.9135793287866796,1.7509026481865926,-0.5933394412858801,634,#edf8a3,G4
0.9141661920873146,1.5438617348179198,-0.5946604223067049,635,#edf8a3,G4
0.9161024465435167,1.9284195132320896,-0.5990557302604473,636,#edf8a3,G4
0.9176098580271457,1.8394759615425476,-0.6025177381927571,637,#edf8a3,G4
0.933435042713674,1.6039144807468904,-0.641253542130209,638,#edf8a3,G4
0.9373133600580095,0.20221498112698266,-0.6515123172093964,639,#edf8a3,G4
0.937587005868534,1.965998269833065,-0.6522492179354913,640,#edf8a3,G4
0.9423024318994228,1.601597198135262,-0.6652372081063463,641,#edf8a3,G4
0.9529727659592416,0.8857460492444249,-0.6969440524589685,642,#edf8a3,G4
0.9551989213014698,1.6059507567276756,-0.7040354400531904,643,#edf8a3,G4
0.9586856400969608,0.07338283573882598,-0.71553235074638,644,#edf8a3,G4
0.9623586711136761,1.7236459839511915,-0.7282173880979151,645,#edf8a3,G4
0.9626664987244222,1.0130633652452476,-0.7293097485433543,646,#edf8a3,G4
0.9656150195452163,0.5975006217038819,-0.7400237818016975,647,#edf8a3,G4
0.9666489555904485,0.33308414545764164,-0.743894949960187,648,#edf8a3,G4
0.9673348561522157,0.6625377605854526,-0.7464979761955102,649,#edf8a3,G4
0.9678882348485982,0.5872336396068203,-0.7486190841737093,650,#edf8a3,G4
0.9683977788939938,1.696690539580012,-0.7505892106720731,651,#edf8a3,G4
0.9772485362844212,0.22104458810532113,-0.7879026206433558,652,#edf8a3,G4
0.980298528836049,0.5917839527537472,-0.8024783698885659,653,#edf8a3,G4
0.9808968741398544,1.7590429660474602,-0.8054715385794081,654,#edf8a3,G4
0.9832109646614394,1.403571525871708,-0.8175275391476248,655,#edf8a3,G4
0.9905950673940713,0.6593023151628252,-0.8631737873997264,656,#edf8a3,G4
0.9918466828478936,0.6212584365826126,-0.8725631225914959,657,#edf8a3,G4
0.9919573976767055,1.4571174598989736,-0.8734278024428027,658,#edf8a3,G4
0.9922181069155291,1.6361544503477226,-0.875488039494338,659,#edf8a3,G4
0.995257970620164,0.010620095229335602,-0.9027293882149761,660,#edf8a3,G4
0.9956460821213844,0.15598563575164914,-0.9067858425112505,661,#edf8a3,G4
0.9961216632238374,0.1176174418689242,-0.9120134552549327,662,#edf8a3,G4
0.997509318915109,0.10705924041463621,-0.9294651952755554,663,#edf8a3,G4
0.9981280906872635,0.25604174090163334,-0.9388418886737171,664,#edf8a3,G4
0.9986326899639991,1.7131349353386025,-0.9477242835030718,665,#edf8a3,G4
0.9992307268491248,0.21336489360542688,-0.9607832367402716,666,#edf8a3,G4
0.9994281423373563,1.615127608319747,-0.9661859747427037,667,#edf8a3,G4
0.9999710366998004,0.5922555468293866,-0.9923891024493479,668,#edf8a3,G4
0.9999995554344427,0.04854540924412243,-1.000942937387598,669,#edf8a3,G4
0.9999754347281906,0.24055468995893925,-1.0070092752953566,670,#edf8a3,G4
0.9995309567008747,1.910093362012566,-1.030624607697637,671,#edf8a3,G4
0.9992996651698135,0.8602319687534798,-1.0374189683382453,672,#edf8a3,G4
0.9990120433937127,0.8009394205882681,-1.0444402650117954,673,#edf8a3,G4
0.998757170832971,1.5997308711646219,-1.0498408839179207,674,#edf8a3,G4
0.9987142164585452,1.643807816815738,-1.0506943176657324,675,#edf8a3,G4
0.9984461685388422,0.7461090586104064,-1.055724756886916,676,#edf8a3,G4
0.9963867126761176,1.2437647827887301,-1.0849324366922313,677,#edf8a3,G4
0.9959302380263237,0.6345203944999656,-1.090127470755759,678,#edf8a3,G4
0.9951311739505817,1.0035462613998904,-1.098559355881302,679,#edf8a3,G4
0.9944836452744277,0.5918996671778556,-1.104891750303283,680,#edf8a3,G4
0.9928157293094843,1.0976985347986095,-1.1196533644979398,681,#edf8a3,G4
0.9916974878987094,0.6105340197945781,-1.128592738890612,682,#edf8a3,G4
0.9914953160203631,1.2025543451475527,-1.130142377070961,683,#edf8a3,G4
0.9903844215094776,0.15055455966546893,-1.138342681885734,684,#edf8a3,G4
0.9899261106220987,0.18824487217103392,-1.1415849409669139,685,#edf8a3,G4
0.9898186017992533,1.0516179061534459,-1.1423345900762403,686,#edf8a3,G4
0.987764885447748,1.9216250576453557,-1.1559504122354198,687,#edf8a3,G4
0.9852153732271784,1.59790632801636,-1.1713203676065151,688,#edf8a3,G4
0.9808068304222282,0.916424519517224,-1.1949819514650075,689,#edf8a3,G4
0.976390869750091,1.0531680576409383,-1.2160112716241,690,#edf8a3,G4
0.9758652945031634,1.3199410970465248,-1.2183733660139306,691,#edf8a3,G4
0.9742766207827361,0.572659093746898,-1.225355421936488,692,#edf8a3,G4
0.970569786953993,1.9346756040739643,-1.2408200337432098,693,#edf8a3,G4
0.9704346553055996,1.6327286110397121,-1.2413639985207037,694,#edf8a3,G4
0.9671060703709947,0.25499776353997694,-1.254373443290711,695,#edf8a3,G4
0.9666213917714196,0.8892507202048401,-1.2562090649643056,696,#edf8a3,G4
0.9638828062679999,1.8129882504758417,-1.2663267462740557,697,#edf8a3,G4
0.9629852207732174,0.1302429370976368,-1.2695541959835865,698,#edf8a3,G4
0.9611390031484587,1.8843694380360958,-1.2760648775682757,699,#edf8a3,G4
0.7866071681381563,0.6428438505513294,-1.6174537740055284,750,#a2d9a4,G5
0.7749187541347494,1.3830162156630705,-1.6320608550529352,751,#a2d9a4,G5
0.7732049639269676,0.7597878075720348,-1.6341561982340762,752,#a2d9a4,G5
0.7712101543850449,1.480694393263184,-1.6365806294362053,753,#a2d9a4,G5
0.7699270244658398,0.8095472579142959,-1.6381319432509065,754,#a2d9a4,G5
0.7381516494466823,1.2125238124530828,-1.6746348215287603,755,#a2d9a4,G5
0.7371009150362711,1.603631734119389,-1.675782687742659,756,#a2d9a4,G5
0.7159565309414114,1.9109318666115618,-1.6981448601847182,757,#a2d9a4,G5
0.7151359385787959,1.6349065272363323,-1.698985399956984,758,#a2d9a4,G5
0.7031302571993453,0.9878905113244025,-1.7110610672866169,759,#a2d9a4,G5
0.7019911653846868,0.9483696245272435,-1.7121856525666952,760,#a2d9a4,G5
0.7002655078714206,1.616098680645809,-1.7138824962734283,761,#a2d9a4,G5
0.6605198677819996,1.8880649328561987,-1.750808566989782,762,#a2d9a4,G5
0.6563667111929771,0.5374987741534709,-1.754442006013527,763,#a2d9a4,G5
0.6491231925796443,1.0049061486257944,-1.7606832986566814,764,#a2d9a4,G5
0.6426201494562336,0.3453933723100986,-1.766184927751028,765,#a2d9a4,G5
0.6037164332436342,1.9781768744595816,-1.7971991396329932,766,#a2d9a4,G5
0.5979660188399878,0.7912673352514523,-1.8015214534325674,767,#a2d9a4,G5
0.5623391358147869,1.7485655499024604,-1.8269067035228814,768,#a2d9a4,G5
0.5575480168576619,1.423740901786644,-1.830144691543642,769,#a2d9a4,G5
0.5552612577867616,0.28181952832412005,-1.8316759799351328,770,#a2d9a4,G5
0.5524935547896526,1.8008202930803587,-1.8335171695387524,771,#a2d9a4,G5
0.5378129527984761,0.5474652587769284,-1.843064189609655,772,#a2d9a4,G5
0.537602387481118,1.9664054765802361,-1.843198477806146,773,#a2d9a4,G5
0.5348539321925041,0.007419547500037371,-1.8449445373621964,774,#a2d9a4,G5
0.5301329822563985,0.588532328259378,-1.8479145128631407,775,#a2d9a4,G5
0.5286429129976109,0.1361861984842132,-1.8488443146640026,776,#a2d9a4,G5
0.5030186886125688,0.8017591272639706,-1.864275534136245,777,#a2d9a4,G5
0.49690360140860207,1.1772780005839731,-1.8678057449148175,778,#a2d9a4,G5
0.4967821852109758,0.1482490358260482,-1.8678752562765042,779,#a2d9a4,G5
0.49249170641605483,1.3317427966196798,-1.87031713708935,780,#a2d9a4,G5
0.48851625688334377,0.16706117711063406,-1.8725547929847655,781,#a2d9a4,G5
0.477377235926035,1.897080602257682,-1.8786984548863273,782,#a2d9a4,G5
0.46948721766744284,1.5950527217358799,-1.8829392688327342,783,#a2d9a4,G5
0.4548207771678012,1.0679558472575916,-1.890582989202285,784,#a2d9a4,G5
0.43864451034226,1.9585726399783547,-1.8986606665180128,785,#a2d9a4,G5
0.4096909676812987,1.1159748012192654,-1.9122243753596815,786,#a2d9a4,G5
0.38986841194032545,1.6097568971084777,-1.9208705779701774,787,#a2d9a4,G5
0.38217511357981315,1.1646394661041106,-1.9240899212523948,788,#a2d9a4,G5
0.3808288405720903,0.9536027278577204,-1.924645550569794,789,#a2d9a4,G5
0.3649294367587651,1.9677076593632334,-1.9310351798868455,790,#a2d9a4,G5
0.3482645019588468,1.8742460410635593,-1.937396307159014,791,#a2d9a4,G5
0.3411770699776951,0.1675827058201691,-1.939999046234322,792,#a2d9a4,G5
0.32647084771335544,0.23723103673153179,-1.9452072712338406,793,#a2d9a4,G5
0.3165494049663826,1.2409998005599754,-1.9485760244784964,794,#a2d9a4,G5
0.31615580568522683,0.6013023173935337,-1.9487072817953517,795,#a2d9a4,G5
0.31084600937950113,1.3881747501659598,-1.9504602876779435,796,#a2d9a4,G5
0.2829705942837056,0.20256849392948428,-1.9591285851077145,797,#a2d9a4,G5
0.2614735941967889,1.4420868168649792,-1.965210629623303,798,#a2d9a4,G5
0.2530023284735138,0.20489256354386076,-1.9674656695650654,799,#a2d9a4,G5
0.24273065888659137,0.6331004200541732,-1.9700937208520015,800,#a2d9a4,G5
0.22398016403244647,0.03147647934092501,-1.9745937030988854,801,#a2d9a4,G5
0.2104230948791333,1.651361642038899,-1.9776104137853112,802,#a2d9a4,G5
0.20027732464351117,1.6886540279656443,-1.9797392475723514,803,#a2d9a4,G5
0.18996795072581546,1.2589224540183044,-1.981790292117942,804,#a2d9a4,G5
0.18418344443790693,1.172554643041236,-1.9828918856084776,805,#a2d9a4,G5
0.18307939269619822,0.8827482866649723,-1.983098131403977,806,#a2d9a4,G5
0.18231658267058554,0.1207589640511928,-1.9832398810480174,807,#a2d9a4,G5
0.1722403118582043,1.8157969150212563,-1.9850549603808858,808,#a2d9a4,G5
0.17007752460904563,1.885558819122387,-1.9854306853466963,809,#a2d9a4,G5
0.1670636626662541,1.2910885891589878,-1.9859461104018497,810,#a2d9a4,G5
0.1501717493203581,0.4039328568484064,-1.988659924193382,811,#a2d9a4,G5
0.1437001481585001,0.14520013309521063,-1.9896212747406077,812,#a2d9a4,G5
0.1251234450439038,1.647980188005391,-1.992141181233974,813,#a2d9a4,G5
0.11815708833092957,1.0047865878142022,-1.9929949156350988,814,#a2d9a4,G5
0.11604072117295382,0.10215096033851356,-1.9932444568330903,815,#a2d9a4,G5
0.10550780355121597,1.6903081739914407,-1.9944184749841476,816,#a2d9a4,G5
0.10279880904682608,1.852053013256961,-1.9947021689222129,817,#a2d9a4,G5
0.060956807829445105,1.0742808381664812,-1.998140404742361,818,#a2d9a4,G5
0.04405994072776922,0.26337456362891376,-1.9990288892835208,819,#a2d9a4,G5
0.041394085426876275,1.2301160412701924,-1.9991428975335173,820,#a2d9a4,G5
0.032377545064922006,0.7159678737223927,-1.9994757098477027,821,#a2d9a4,G5
0.021532804396390177,1.1353854976736881,-1.9997681422884142,822,#a2d9a4,G5
0.006724413276919511,0.4873557505624644,-1.9999773908774543,823,#a2d9a4,G5
-0.006110144900347775,0.7182130153066002,-1.999981332890418,824,#a2d9a4,G5
-0.04344937995686145,1.7180052793161171,-1.9990556297731195,825,#a2d9a4,G5
-0.05516149788281581,1.3430553935315164,-1.9984774454895433,826,#a2d9a4,G5
-0.08888570645942531,1.4569479310820297,-1.9960418320468318,827,#a2d9a4,G5
-0.0896181413631522,1.958649074528738,-1.9959761988815867,828,#a2d9a4,G5
-0.10256474666518828,1.6889409848374688,-1.994726330576157,829,#a2d9a4,G5
-0.1229205008282904,0.8471752734286089,-1.9924165206586004,830,#a2d9a4,G5
-0.13786710999756444,1.9111367879608416,-1.9904507357667618,831,#a2d9a4,G5
-0.13919393416750586,0.3706258391587336,-1.990265140601734,832,#a2d9a4,G5
-0.14659270096243918,1.3502518276415139,-1.989196936926382,833,#a2d9a4,G5
-0.14747602203910973,1.9161343559868698,-1.9890656312517994,834,#a2d9a4,G5
-0.18990538861826262,0.5954458951112427,-1.9818023952780655,835,#a2d9a4,G5
-0.2101954250157987,0.0361927164029503,-1.9776593902287378,836,#a2d9a4,G5
-0.21455015095113206,1.8908619407832115,-1.9767129735632913,837,#a2d9a4,G5
-0.22235609278500015,0.9124450039231062,-1.974965521442368,838,#a2d9a4,G5
-0.22784494649356188,1.4036809658888325,-1.973697427519117,839,#a2d9a4,G5
-0.2334848190369561,1.1113252505448148,-1.9723604472001521,840,#a2d9a4,G5
-0.23751352361759576,0.5466974730797414,-1.9713842319590915,841,#a2d9a4,G5
-0.24486154580526098,1.3433797152217073,-1.9695580557067525,842,#a2d9a4,G5
-0.25371799930374617,1.5494952283849972,-1.9672782313426187,843,#a2d9a4,G5
-0.26747049355105246,1.6098711443182543,-1.963566051228226,844,#a2d9a4,G5
-0.2686410836662782,0.30472896730261945,-1.9632403480786131,845,#a2d9a4,G5
-0.2697941053482082,1.596158039511995,-1.962918034268421,846,#a2d9a4,G5
-0.28023365676731826,0.7118551024319684,-1.9599318192532307,847,#a2d9a4,G5
-0.2837145637877836,0.5562330255297234,-1.9589087789225355,848,#a2d9a4,G5
-0.3025454490894996,1.3319028215088322,-1.9531349596123484,849,#a2d9a4,G5
-0.6461615565256412,1.5395780413556694,-1.7632006570151526,900,#47a0b3,G6
-0.6530982755590852,1.0800959273873838,-1.757273162380491,901,#47a0b3,G6
-0.6949855711743452,1.19916269274799,-1.719023682405155,902,#47a0b3,G6
-0.6957149383963772,1.20036884796288,-1.7183179828544772,903,#47a0b3,G6
-0.7195226506370889,1.409287397653204,-1.694468973547543,904,#47a0b3,G6
-0.7256219508049033,1.0126858386476083,-1.688093587028746,905,#47a0b3,G6
-0.7257827178484988,1.8602527244873939,-1.6879240121353858,906,#47a0b3,G6
-0.7275658605195124,1.1818534510671383,-1.6860378405062664,907,#47a0b3,G6
-0.7399633789225046,1.8834842865310333,-1.6726471570248327,908,#47a0b3,G6
-0.742445920145087,1.116566848338497,-1.6699060050931884,909,#47a0b3,G6
-0.7436256952518978,1.463860555363072,-1.668596160145369,910,#47a0b3,G6
-0.7439373944046082,0.6802014922482222,-1.6682493196453572,911,#47a0b3,G6
-0.7465054543173506,0.35640190987853626,-1.665379295345479,912,#47a0b3,G6
-0.7499363667297676,0.16210757726812308,-1.6615099741169104,913,#47a0b3,G6
-0.7499411070550763,0.457815199448788,-1.6615046000966331,914,#47a0b3,G6
-0.7552330115995671,1.3344294135733499,-1.6554564044925093,915,#47a0b3,G6
-0.7602033998824447,0.7940273335552668,-1.6496851474423375,916,#47a0b3,G6
-0.7640458897992972,0.9134072517209684,-1.6451619008286218,917,#47a0b3,G6
-0.7737780348267906,1.8540411375727917,-1.633456827905099,918,#47a0b3,G6
-0.7789429931204495,0.5275353729009242,-1.6270947404248863,919,#47a0b3,G6
-0.7860442857910636,0.7310780562361527,-1.6181701875496883,920,#47a0b3,G6
-0.7860721354248623,1.049154134957252,-1.6181347732562834,921,#47a0b3,G6
-0.787428339018247,1.1472194939336309,-1.61640620609381,922,#47a0b3,G6
-0.7948607735994884,1.406814061322947,-1.606791851125922,923,#47a0b3,G6
-0.8037813490487026,1.9340935839586462,-1.594924821234959,924,#47a0b3,G6
-0.8047182099246211,1.809964639156683,-1.5936569738626116,925,#47a0b3,G6
-0.8138677291705785,0.397981879850968,-1.5810501866575088,926,#47a0b3,G6
-0.8226338030517659,0.8302505096635877,-1.5685715663630995,927,#47a0b3,G6
-0.8294589841956082,1.835753233986227,-1.558567626646219,928,#47a0b3,G6
-0.8362142979676525,0.960215614290368,-1.5484028153414844,929,#47a0b3,G6
-0.8400641176652937,0.9216060845863812,-1.542487122622493,930,#47a0b3,G6
-0.8453852174078966,0.6429458617084105,-1.5341571249999415,931,#47a0b3,G6
-0.8465022674921789,1.1105882149339192,-1.5323851154292347,932,#47a0b3,G6
-0.8512140303329981,1.5871347360967039,-1.5248187063779777,933,#47a0b3,G6
-0.8571236450380795,1.2856067506170241,-1.515110723162153,934,#47a0b3,G6
-0.8627252285971951,0.25458805084014946,-1.5056729970464284,935,#47a0b3,G6
-0.8656856554710219,0.739047080279299,-1.50058800016751,936,#47a0b3,G6
-0.8670812671563768,0.37069717395876567,-1.498166715213383,937,#47a0b3,G6
-0.8687565240536326,1.947786647947739,-1.495239438972958,938,#47a0b3,G6
-0.8700360419707561,0.9742962538347493,-1.4929881191995003,939,#47a0b3,G6
-0.8794834824597777,0.40724186415446395,-1.475929410816795,940,#47a0b3,G6
-0.8860818633594005,0.621860760688179,-1.463528781658197,941,#47a0b3,G6
-0.8880735873657488,1.4960455986865397,-1.459701319797246,942,#47a0b3,G6
-0.8950465526808555,0.5431021908495628,-1.4459727217376825,943,#47a0b3,G6
-0.8988875021207987,1.7466388558038073,-1.438179482097269,944,#47a0b3,G6
-0.8999923107641011,0.039383285447407435,-1.4359057702824014,945,#47a0b3,G6
-0.9024685328963767,0.8765118939434071,-1.4307557859528544,946,#47a0b3,G6
-0.9026415910624478,0.4891392180411256,-1.430393027457756,947,#47a0b3,G6
-0.9088015779610581,1.0050187939396094,-1.4172285847056634,948,#47a0b3,G6
-0.9155584747026873,1.924790147621601,-1.4021848821128025,949,#47a0b3,G6
-0.9167751303066756,1.377366852957361,-1.3994037561806074,950,#47a0b3,G6
-0.9253427686611346,0.9241950592548998,-1.3791315872972678,951,#47a0b3,G6
-0.9262043680827861,1.240251761136483,-1.377021840938117,952,#47a0b3,G6
-0.9267701868469033,1.534931526169885,-1.3756288337864335,953,#47a0b3,G6
-0.9268563704986437,1.032247401482186,-1.375416127072454,954,#47a0b3,G6
-0.9277972159944469,1.372760460000946,-1.3730848777328744,955,#47a0b3,G6
-0.9326435278956697,0.2004668748482461,-1.360799182197409,956,#47a0b3,G6
-0.9351221212804304,1.004211161448226,-1.3543255823278755,957,#47a0b3,G6
-0.9363395316852573,1.3874940464784276,-1.3510958293734532,958,#47a0b3,G6
-0.9371713057806446,1.6562932264333898,-1.348869522345248,959,#47a0b3,G6
-0.9390700941393206,0.9620848962197452,-1.3437257021131348,960,#47a0b3,G6
-0.9404456901518717,0.694919336231695,-1.339943971669994,961,#47a0b3,G6
-0.9419279384014637,0.4488272238416804,-1.3358150664558819,962,#47a0b3,G6
-0.9495329470378835,1.133338678726069,-1.313667311796355,963,#47a0b3,G6
-0.9502474315792444,0.38344821984369126,-1.3114960975310113,964,#47a0b3,G6
-0.954287930411138,0.74882796775948,-1.2988888520363835,965,#47a0b3,G6
-0.9547680964202987,0.28087904274210596,-1.2973514453604675,966,#47a0b3,G6
-0.9556628851724046,0.8702839730326593,-1.2944629856263015,967,#47a0b3,G6
-0.9575448011037754,1.2305528532701944,-1.2882845016283937,968,#47a0b3,G6
-0.9615814182188949,0.7661327191275391,-1.274519901165906,969,#47a0b3,G6
-0.9621941295617276,1.669172763942473,-1.2723645664122805,970,#47a0b3,G6
-0.967605808314844,1.9921425420203744,-1.2524658387096703,971,#47a0b3,G6
-0.9697106409171904,1.4285996925874873,-1.244256571850118,972,#47a0b3,G6
-0.9707095837428371,0.09899948852213547,-1.2402559136208886,973,#47a0b3,G6
-0.9735055706308151,0.20715692689674436,-1.2286632982154568,974,#47a0b3,G6
-0.974280821542178,1.2555114323259589,-1.2253372600683223,975,#47a0b3,G6
-0.9750016536636712,1.464284438279403,-1.222197604292005,976,#47a0b3,G6
-0.9754889047862341,0.0013284371804089812,-1.2200486233516439,977,#47a0b3,G6
-0.976110501570491,0.5566505966402286,-1.217274684958475,978,#47a0b3,G6
-0.9775902956951618,0.8599935609414262,-1.2105165403540687,979,#47a0b3,G6
-0.9797639934373341,0.47166844821127096,-1.2001562318883114,980,#47a0b3,G6
-0.9814420343733709,0.2931674723021134,-1.1917590497605242,981,#47a0b3,G6
-0.9822206561033754,1.740364357014297,-1.187730079432825,982,#47a0b3,G6
-0.9831346525402772,0.5729726966304847,-1.1828831730217642,983,#47a0b3,G6
-0.9832970933026134,0.08490897745104498,-1.1820077644020486,984,#47a0b3,G6
-0.9853718431059947,0.27949155772990997,-1.170418105886361,985,#47a0b3,G6
-0.9878249431349183,1.0399699799066195,-1.1555695398222137,986,#47a0b3,G6
-0.9906656342059718,1.4181016196310892,-1.136314347019233,987,#47a0b3,G6
-0.9928999066774875,0.3334831602227253,-1.1189528281287862,988,#47a0b3,G6
-0.9940027738874636,0.9675057294034723,-1.1093548604499495,989,#47a0b3,G6
-0.9950230660791752,1.5010733068648325,-1.0996448592271437,990,#47a0b3,G6
-0.9958575136921152,0.08235958265624332,-1.0909275119144846,991,#47a0b3,G6
-0.995862700317817,0.20370923049643297,-1.0908706889800333,992,#47a0b3,G6
-0.9970805080572676,1.4012666892810857,-1.0763574518449974,993,#47a0b3,G6
-0.9971668767939499,0.9669179963420467,-1.0752211394821924,994,#47a0b3,G6
-0.9986079172944677,1.4257846053978127,-1.0527468247082747,995,#47a0b3,G6
-0.999815583342003,1.4972120116591556,-1.019204148158408,996,#47a0b3,G6
-0.9999409579195346,1.412821155334022,-1.0108664932229101,997,#47a0b3,G6
-0.999976847798676,0.22444863165657702,-1.0068046944548255,998,#47a0b3,G6
-0.9999983725962606,0.009574770482344341,-1.001804107765763,999,#47a0b3,G6
