gene name,baseMean,log2FoldChange,lfcSE,stat,pvalue,padj
TSPAN6,25.25674458,0.796483656,0.377864628,2.107854501,0.035043577,0.159296952
TNMD,0.288508022,0.111369078,0.538057881,0.206983453,0.836022781,NA
DPM1,163.5077733,-0.353991286,0.217035775,-1.63102735,0.102884549,0.322297324
SCYL3,296.4617127,0.072041113,0.169835419,0.424181915,0.671433149,0.858708657
C1orf112,199.0119864,0.201717857,0.251723494,0.801346961,0.422930811,0.691418083
FGR,122.79253,-3.997060837,0.593832698,-6.730954441,1.69E-11,1.25E-09
CFH,27.40521651,-1.841209156,0.708374229,-2.599204038,0.009344021,0.063220382
FUCA2,72.03849226,0.109547998,0.250776298,0.436835535,0.662230626,0.852996083
GCLC,232.8235989,-0.413925356,0.185204106,-2.234968572,0.025419412,0.12877688
NFYA,557.5801607,-0.30851566,0.147804621,-2.087320804,0.036859145,0.164713025
STPG1,108.0712339,0.91751126,0.345208343,2.657847876,0.007864138,0.056092077
NIPAL3,810.6565538,0.836702423,0.164037287,5.100684367,3.38E-07,1.09E-05
LAS1L,541.2743227,0.164972788,0.188374626,0.875769692,0.381155249,0.657837111
ENPP4,166.5152095,-0.8037173,0.235764751,-3.408979917,0.000652063,0.007661222
SEMA3F,0.775676409,0.667725107,0.680878681,0.980681471,0.326749844,NA
CFTR,21.0101464,-0.655820701,0.467966188,-1.401427534,0.161086264,0.417002025
ANKIB1,851.197293,-0.030612152,0.146542731,-0.208895739,0.834529631,0.937235529
CYP51A1,232.2112019,-0.817980186,0.220810965,-3.704436446,0.000211861,0.003051591
KRIT1,646.5918389,0.102568152,0.165829865,0.618514354,0.536236339,0.773533778
RAD52,239.2300392,-0.049524552,0.264954542,-0.186917165,0.85172558,0.944963223
MYH16,4.322547154,1.557343836,0.688547759,2.261780415,0.023710973,0.122224501
BAD,17.4333591,-0.125426019,0.406797521,-0.308325427,0.75783472,0.904370881
LAP3,365.2625318,-1.303406495,0.259607699,-5.020677345,5.15E-07,1.59E-05
CD99,643.5209068,-1.717781172,0.240202206,-7.151396335,8.59E-13,7.70E-11
HS3ST1,14.77673943,0.314712645,0.414131216,0.759934614,0.44729367,0.711680289
AOC1,3.109444133,-0.195995814,0.664022242,-0.295164532,0.767868195,0.907702992
WNT16,4.107092641,1.911941675,0.642379612,2.976342398,0.00291709,0.026169172
HECW1,17.81678292,-0.066345162,0.726142894,-0.091366538,0.927201349,0.972767032
MAD1L1,99.36802839,0.252553244,0.289537605,0.872264049,0.383064345,0.659022502
LASP1,1961.076928,-0.168918234,0.193516235,-0.872889214,0.382723466,0.658988811
SNX11,114.3551044,0.266821285,0.187228387,1.425111273,0.154125039,0.405578399
TMEM176A,5.096631343,0.756334708,0.686484987,1.101749815,0.270570453,0.550820043
M6PR,963.2804926,-0.115058874,0.173582372,-0.662848841,0.50742737,0.75539982
KLHL13,9.186527116,2.143578821,0.610417131,3.511662293,0.000445313,0.005612402
CYP26B1,1.031586096,0.480447287,0.633006904,0.758992176,NA,NA
ICA1,32.0618033,-0.084909737,0.357138693,-0.237750037,0.812074972,0.926915241
DBNDD1,10.81135919,0.884045266,0.559268678,1.58071657,0.113942858,0.341457328
ALS2,222.6830134,0.065195939,0.16981895,0.383914395,0.701041897,0.875099534
CASP10,663.9707296,0.876783345,0.232169357,3.776481774,0.000159059,0.002424884
CFLAR,3988.392141,-0.66745672,0.125016603,-5.338944632,9.35E-08,3.44E-06
TFPI,600.3748176,0.267090753,0.180234251,1.481908965,0.138364519,0.381594657
NDUFAF7,170.2115099,-0.411084796,0.200888704,-2.046331071,0.040723809,0.17676839
RBM5,2408.477164,0.000476363,0.18384996,0.002591043,0.997932649,0.999386384
MTMR7,46.35209025,0.776897214,0.296953619,2.616224103,0.008890818,0.06120314
SLC7A2,3.281681133,0.45115064,0.729900758,0.618098604,0.536510342,0.773615721
ARF5,44.12675432,-0.166612671,0.337873736,-0.493121107,0.621927018,0.82875952
SARM1,234.8585501,0.12696305,0.298050054,0.425978954,0.670123181,0.85780206
POLDIP2,279.5527647,0.1301542,0.223305896,0.582851607,0.559993201,0.788718027
PLXND1,70.80359114,-3.740231827,0.451789619,-8.278702456,1.25E-16,1.75E-14
AK2,772.6736064,0.208682978,0.159520062,1.308192685,0.190807962,0.456514101
CD38,651.9259257,2.098927525,0.259260582,8.095821996,5.69E-16,7.70E-14
FKBP4,333.2083091,0.363498565,0.156041761,2.329495404,0.019832836,0.108185468
KDM1A,802.0106017,-0.071536462,0.139534886,-0.512677969,0.608176603,0.820514314
RBM6,1147.260838,-0.01709116,0.197951677,-0.086340064,0.931196091,0.97473194
CAMKK1,21.50830965,0.401741342,0.429510498,0.935346969,0.349609517,0.628085419
RECQL,586.8876703,-0.685006793,0.215361683,-3.180727342,0.001469058,0.014942117
VPS50,273.6794457,-0.08110565,0.157912287,-0.513612026,0.60752327,0.820113478
HSPB6,0.342714615,0.187331099,0.53821521,0.348059839,0.727795245,NA
ARHGAP33,28.71945547,-0.440833366,0.476571363,-0.925010189,0.354960607,0.633743546
NDUFAB1,103.2586066,0.064031548,0.231195243,0.276958759,0.781811773,0.912786156
PDK4,0.992353015,0.867568598,0.713345606,1.216196737,0.223909987,NA
SLC22A16,15.20348459,0.1809878,0.389439954,0.464738655,0.642118623,0.840722682
ZMYND10,16.72015194,-0.643775346,0.484331978,-1.329202644,0.183781123,0.447207161
ABCB5,16.21583688,-0.352634485,0.536115299,-0.657758668,0.510693217,0.757548279
ARX,13.03656305,0.775749319,0.730443311,1.062025359,NA,NA
SLC25A13,63.89053136,-0.310051366,0.297398476,-1.042545245,0.29715896,0.577931967
ST7,49.79872881,-0.632291936,0.304876229,-2.073929931,0.038085819,0.168591771
CDC27,917.5149394,-0.23646486,0.176153888,-1.342376612,0.179473914,0.441146041
SLC4A1,21.64763811,0.428883909,0.343971088,1.246860342,0.21244871,0.483363806
CALCR,0.973676542,0.517196885,0.713881964,0.724485154,0.468767938,NA
HCCS,94.02597808,-0.231221151,0.216344386,-1.068764273,0.285175902,0.565233262
DVL2,95.35091528,0.077576308,0.326426415,0.237653279,0.812150024,0.926915241
PRSS22,1.648398435,-1.109208003,0.744241246,-1.490387705,0.136122323,NA
UPF1,312.9390983,-0.544826914,0.293150403,-1.858523504,0.063094709,0.237674005
SKAP2,74.19508126,-0.633760776,0.346925237,-1.82679352,0.067730821,0.247696883
SLC25A5,839.5868238,-0.252442366,0.13575035,-1.859607481,0.06294108,0.237285698
MCUB,760.6452491,0.261074408,0.142797366,1.828285881,0.067506658,0.247164696
HOXA11,0.059325326,0.034678088,0.537837761,0.064476857,0.948590534,NA
POLR2J,126.7144246,-0.299255133,0.226322285,-1.322252172,0.186084193,0.449914572
DHX33,196.9747415,0.30359966,0.184466517,1.645825294,0.099799733,0.317906018
MEOX1,12.74780464,0.738483139,0.510914472,1.445414407,0.148341519,0.396260888
THSD7A,10.78677003,2.219128951,0.725123446,3.060346432,NA,NA
LIG3,606.4371195,-0.063646508,0.171757451,-0.37056039,0.710964989,0.879700888
RPAP3,432.3472933,0.358645843,0.19429854,1.845849397,0.064914076,0.242067525
ACSM3,153.312967,-0.242847959,0.236668474,-1.026110301,0.304839595,0.584959058
REXO5,14.51605844,-0.972680037,0.500704399,-1.942623311,0.052061688,0.209784631
CIAPIN1,196.0717861,1.280432081,0.205253063,6.238309258,4.42E-10,2.51E-08
SPPL2B,149.7828779,1.037923972,0.295036472,3.517951409,0.000434892,0.005509249
FAM214B,39.1259819,-0.732881613,0.352364549,-2.079895992,0.037535074,0.166755367
COPZ2,3.206055365,-0.402827241,0.66363573,-0.607000531,0.54385056,0.778559614
PRKAR2B,4.570506137,0.74696576,0.61518219,1.214218767,0.224664196,0.498501395
MSL3,1088.575004,1.118299567,0.149590193,7.475754537,7.68E-14,7.66E-12
CREBBP,3983.506561,-0.208850046,0.26707367,-0.781994147,0.434218013,0.701341858
TSPOAP1,200.885081,0.010654908,0.313651317,0.033970549,0.972900635,0.991143616
MPO,2.37544185,0.728452441,0.712465494,1.022438906,NA,NA
PON1,4.574734508,0.80099236,0.690438292,1.160121575,0.245999311,0.523062227
GCFC2,334.6108056,0.109737744,0.223512206,0.490969804,0.623447805,0.82943895
WDR54,124.4422246,-0.184734187,0.21615164,-0.854650865,0.392744459,0.667888176
CROT,144.1470566,0.004543402,0.261944014,0.017344936,0.986161438,0.995557976
ABCB4,7.172093302,0.139980373,0.553680307,0.252818045,0.800408823,0.920251889
KMT2E,5380.166381,-0.245635966,0.18285929,-1.343305918,0.179172937,0.44088104
RHBDD2,285.6227567,-0.610822501,0.264406485,-2.310164598,0.020879043,0.111950292
SOX8,17.32963243,1.134449044,0.544966382,2.081686286,0.037371134,0.166275615
IBTK,572.4302737,-0.038474313,0.217649732,-0.176771701,0.859687718,0.947373778
ZNF195,382.1754764,0.188582247,0.119239652,1.581539731,0.113754682,0.341098571
MYCBP2,6626.631595,0.140618605,0.141918114,0.990843247,0.321762128,0.600899034
FBXL3,516.2952849,0.106285742,0.177004552,0.600468974,0.548193732,0.780813061
ITGAL,5239.439054,-0.805554025,0.174214736,-4.623914395,3.77E-06,9.22E-05
PDK2,185.3285334,-0.131536278,0.207381449,-0.63427215,0.525903228,0.767507606
ITGA3,58.50712437,-0.659252649,0.333469635,-1.976949561,0.048047332,0.198625326
ZFX,1153.857931,0.087561011,0.216562415,0.404322285,0.68597574,0.867474001
LAMP2,850.3004259,-0.030262121,0.177418468,-0.170569172,0.86456254,0.949468078
ITGA2B,12.3383601,-0.709429538,0.57129204,-1.241798394,0.214310955,0.48541831
ASB4,53.57774582,0.245599496,0.278192957,0.882838656,0.377323452,0.654878806
GDE1,303.4770659,-0.28194356,0.188836134,-1.493059369,0.135421647,0.377228588
REX1BD,193.4448952,-0.06382277,0.237487529,-0.268741564,0.788128564,0.914864293
CRLF1,28.15156291,-1.465481234,0.416179192,-3.521274637,0.000429478,0.005454227
OSBPL7,177.5650981,-0.739258167,0.332006696,-2.226636314,0.02597159,0.130646675
TMEM98,9.293853623,1.329478192,0.51670139,2.573010677,0.01008181,0.066823056
YBX2,1.357013246,0.047562445,0.739573316,0.064310656,0.948722868,NA
KRT33A,0.219613487,0.101788864,0.537837918,0.189255649,0.849892454,NA
MAP3K14,232.27246,-0.334429888,0.186744172,-1.790845117,0.073318153,0.261035614
ABCC8,2.262014536,0.467427138,0.726700548,0.643218365,0.520082419,0.764187928
CACNG3,7.929430442,-0.444185448,0.50796403,-0.874442721,0.381877201,0.658541163
TMEM132A,15.8316437,1.024975375,0.42863178,2.39127247,0.016790087,0.096300046
AP2B1,2226.782245,-0.258244524,0.134856519,-1.914957656,0.055497904,0.218770919
TAC1,0.510339459,0.280519384,0.569832604,0.492283843,0.622518701,NA
ZNF263,249.4448618,0.077454615,0.220033139,0.352013406,0.724828209,0.88798833
CX3CL1,8.481647665,0.100319266,0.551816155,0.181798349,0.85574098,0.94610886
SPATA20,143.7280438,-0.393790955,0.293256863,-1.34281923,0.179330515,0.44106189
CACNA1G,10.11889289,1.160386085,0.496256902,2.338276972,0.019372885,0.106680249
TNFRSF12A,0.973829171,-1.045886265,0.741954888,-1.409635925,0.158647213,NA
DLX6,2.751562953,0.504824551,0.64881167,0.778075633,0.436524427,0.703352542
MAP3K9,143.1471751,-0.050447466,0.293391194,-0.171946082,0.863479918,0.949020803
RALA,269.4508272,0.279767703,0.189296322,1.477935229,0.139425116,0.383204013
BAIAP2L1,24.44693474,0.102682372,0.47210337,0.217499765,0.82781889,0.934393773
KDM7A,1658.230876,-0.068178279,0.219086949,-0.31119279,0.755654064,0.903686855
ETV1,3.901832871,-0.238778945,0.725286753,-0.329220055,0.741989365,0.8964669
AGK,460.5217841,-0.439617462,0.153777484,-2.858789539,0.004252608,0.035001947
ALDH3B1,20.86910993,0.633077456,0.471063089,1.343933479,0.178969899,0.440628118
TTC22,128.0408,-0.587085865,0.219436588,-2.675423775,0.007463484,0.054108074
PHTF2,174.4896277,-0.395552577,0.206503452,-1.915476826,0.055431722,0.218569458
CCL26,0.090536214,-0.128044154,0.537837761,-0.23807208,0.811825189,NA
FARP2,175.5435721,-0.130553589,0.252643575,-0.516750084,0.605330629,0.819176733
USH1C,1.290678494,0.173966416,0.718620698,0.242083782,0.808715245,NA
GGCT,69.29698737,0.13127771,0.273005991,0.48086018,0.630615875,0.83386926
DBF4,156.45309,-0.984147192,0.218287016,-4.508500832,6.53E-06,0.000148433
TBXA2R,47.3778498,1.131773977,0.342730558,3.302226636,0.000959205,0.010643049
IFRD1,606.4806235,-1.690462105,0.284590431,-5.939982244,2.85E-09,1.43E-07
LGALS14,6.456031155,-0.155707872,0.557798699,-0.279147069,0.780131962,0.912490269
COX10,138.8965019,-0.557797261,0.237634843,-2.34728735,0.018910664,0.10466308
GTF2IRD1,23.47316958,-0.1632058,0.341009435,-0.478596143,0.632225963,0.834861908
PAF1,392.5136714,-0.893237349,0.268290173,-3.32937035,0.000870426,0.009780823
VPS41,356.1769205,-0.283930851,0.205613756,-1.380894242,0.167311481,0.424931566
ARHGAP44,30.0740075,0.699713928,0.341969926,2.046127088,0.040743868,0.176813687
ELAC2,260.5473022,0.301446548,0.237272779,1.270464099,0.203919363,0.473014428
SCIN,119.6772944,0.281634629,0.246523074,1.142427054,0.253276551,0.531416713
ARSD,71.4006378,-0.118720456,0.262820383,-0.451717082,0.651472811,0.847232398
PNPLA4,107.113726,0.063364049,0.257015601,0.246537755,0.805265982,0.923028221
MYH13,0.592960797,0.531475113,0.66414784,0.800236154,0.423573986,NA
ADIPOR2,245.6038187,-0.570250877,0.295186864,-1.931830124,0.053380477,0.21320013
CDKL3,31.44400031,0.427200111,0.362757707,1.177645858,0.23893782,0.515617851
UPP2,9.993211161,0.568438194,0.46837505,1.213638929,0.224885635,0.498820773
PRSS21,2.461569591,-0.892986635,0.739079182,-1.208242169,0.226954126,0.501313328
MARK4,106.6862401,0.113097489,0.22059772,0.512686572,0.608170584,0.820514314
PROM1,6.451119543,1.380359541,0.696685283,1.981324387,0.047554907,0.197236449
CCDC124,36.90867668,-0.352383255,0.361687559,-0.974275298,0.329919866,0.609325372
CEACAM21,71.05787286,0.533007081,0.289590744,1.840552892,0.065687107,0.243482852
PAFAH1B1,1727.928737,-0.062229469,0.162995915,-0.381785449,0.702620513,0.876048402
NOS2,1.728090394,0.990526617,0.743999934,1.331353099,0.183072854,NA
DNAH9,9.712755899,0.930848641,0.606761391,1.534126356,0.12499857,0.359141006
KIAA0100,1137.31096,-0.274439664,0.154651169,-1.774572193,0.075968552,0.267151692
SLC13A2,0.697788697,0.68137306,0.643875574,1.058237162,0.289947333,NA
GAS7,96.00220049,-1.999910724,0.375123405,-5.33134083,9.75E-08,3.57E-06
TRAPPC6A,42.78879784,0.309105311,0.316138014,0.977754328,0.328195845,0.607169413
MATK,104.3084627,-1.652343623,0.305845875,-5.4025369,6.57E-08,2.50E-06
CEACAM7,0.118650652,0.110060614,0.537837761,0.204635342,0.837857041,NA
CD79B,16.2951617,-1.089819556,0.550894966,-1.978271038,0.047898139,0.198172673
SCN4A,3.182815871,1.380198674,0.743444534,1.856491791,0.063383492,0.238517352
ST7L,390.0663061,0.063302289,0.187218205,0.33812037,0.735272481,0.893422522
TKTL1,42.32620322,1.357967725,0.455103751,2.983864057,0.002846332,0.025708448
PAX6,21.97668864,0.211535166,0.387395784,0.546044059,0.585035652,0.807017727
RPUSD1,48.65418693,-0.600046087,0.298558472,-2.009810948,0.044451202,0.18784936
RHBDF1,1.721462367,0.117964006,0.724531819,0.162814113,0.870664796,NA
LUC7L,1229.725185,0.194797862,0.142142858,1.370437211,0.170550463,0.429024026
CACNA2D2,144.6361719,-1.857173281,0.267917959,-6.931873055,4.15E-12,3.41E-10
BAIAP3,27.7014162,-1.434615482,0.510265581,-2.811507448,0.004930995,0.039363088
TSR3,81.10913525,-0.042466215,0.224100376,-0.1894964,0.849703777,0.944417088
PIGQ,96.66120895,-0.438802202,0.291407056,-1.505804998,0.13211724,0.371707467
CRAMP1,221.7843382,0.453866671,0.24245868,1.8719341,0.061215721,0.233006578
TEAD3,4.784864168,-1.837231378,0.728675723,-2.521329201,0.011691242,0.074406833
SELE,4.258023006,-0.041660084,0.707295411,-0.058900543,0.953031325,0.983060161
DNAJC11,225.4308201,0.370022821,0.188178243,1.966342202,0.049259095,0.201776895
FMO3,2.738526102,0.587853693,0.728229855,0.807236464,0.419530261,0.688955068
MYLIP,1378.672041,-0.56004407,0.259922749,-2.154655841,0.031188776,0.147907507
NOX1,2.453604896,1.579103635,0.723773241,2.181765705,0.029126829,0.141197002
E2F2,56.39916335,-0.157038153,0.438143557,-0.358417122,0.72003118,0.885164565
PSMB1,381.1898938,-0.272224439,0.154565018,-1.761229309,0.078199599,0.272435656
SYN1,9.962116416,0.016364348,0.679754826,0.024073897,0.980793664,0.994191021
JARID2,965.5191318,-0.252072012,0.154415467,-1.632427224,0.102589518,0.322041853
CDKL5,267.3243108,-0.594522858,0.23207605,-2.561758772,0.010414363,0.068403067
CAMK1G,0.769722464,0.378909824,0.64101279,0.591111176,0.554445932,NA
CDK11A,454.8200468,-0.456239758,0.172706315,-2.641708607,0.008248899,0.057846423
NADK,189.3794253,0.864309014,0.382011115,2.26252321,0.023665096,0.122111088
TFAP2B,0.852610621,0.005459387,0.687444417,0.007941569,0.993663611,NA
TFAP2D,0.470397014,0.071024465,0.5657502,0.125540326,0.900095802,NA
DLEC1,128.0553633,-1.15664014,0.360911581,-3.204774241,0.001351685,0.01395462
CYTH3,39.98331486,-1.699087301,0.472455597,-3.596289919,0.000322788,0.004323728
ADAM22,170.5842793,0.078166179,0.227652338,0.343357683,0.731329391,0.891593514
SYPL1,242.0730394,0.298268359,0.188922293,1.578788577,0.11438456,0.342323334
CYB561,177.7081859,-3.85001773,0.271230121,-14.19465403,9.89E-46,1.41E-42
SPAG9,584.5338306,-0.220740928,0.140893558,-1.566721234,0.117179865,0.347271703
CELSR3,137.47692,-0.093841733,0.296490614,-0.316508277,0.751616744,0.901998437
AASS,44.86703674,0.368706355,0.317163521,1.162511863,0.245027609,0.522037763
PLEKHG6,32.99763471,0.71598299,0.384943792,1.859967624,0.062890107,0.237189929
SS18L2,136.2341759,-0.912374382,0.211162198,-4.320727815,1.56E-05,0.000320926
MPND,27.53910557,-0.341118256,0.430367409,-0.792621024,0.427998656,0.696157102
MGST1,37.87589152,0.339594121,0.352440945,0.963549003,0.335272085,0.614798375
CRY1,257.6023702,-0.394330042,0.221578887,-1.77963725,0.075135346,0.265962782
PGLYRP1,2.276909764,0.871024257,0.701515303,1.241632582,0.214372155,0.48541831
NFIX,46.48645138,-0.142393701,0.416928461,-0.341530297,0.732704401,0.891937798
ST3GAL1,1865.606178,0.197371463,0.15272117,1.292364786,0.196230846,0.464287036
MMP25,112.1496352,-0.244816161,0.280934492,-0.871435041,0.38351666,0.659284755
IL32,1631.969979,-0.812341647,0.252913252,-3.211937852,0.001318429,0.013656429
PKD1,324.7784458,-0.039493346,0.171764008,-0.229927949,0.818147758,0.930031725
MAPK8IP2,24.3668547,-0.57192644,0.325403361,-1.757592296,0.078816905,0.273750679
MED24,271.8000069,0.259830664,0.228931204,1.134972688,0.256386762,0.535360077
RHOBTB2,103.2230601,0.311591276,0.330901185,0.941644485,0.346374686,0.625503094
HEATR5B,988.4389938,-0.14382097,0.207841576,-0.691974017,0.488953646,0.742636232
SEC62,1035.191833,-0.041700503,0.136835135,-0.304749969,0.760556589,0.905074352
RPS20,9247.879522,-0.001688742,0.16093603,-0.010493249,0.991627752,0.997091472
CSDE1,7849.075443,-0.169382565,0.156225377,-1.084219273,0.278267588,0.558679694
UBE3C,623.2596301,0.031451799,0.1857421,0.169330479,0.865536703,0.949615083
REV3L,906.659322,0.210255602,0.128090677,1.641459058,0.100702159,0.319191262
TENM1,646.2539857,-0.755275683,0.29112113,-2.594369162,0.009476467,0.063837118
PAX7,1.108025749,0.376167921,0.699370812,0.5378662,NA,NA
MASP2,258.863094,0.914995001,0.233237285,3.923021997,8.74E-05,0.001445885
IYD,58.10485429,0.625266925,0.265956948,2.351008052,0.018722629,0.104025818
FAM76A,137.304894,-0.540680701,0.257934944,-2.096190195,0.036065322,0.162497533
TRAF3IP3,2919.043879,0.691495931,0.164974617,4.191529244,2.77E-05,0.000537137
POMT2,64.45443742,0.130454746,0.311143063,0.419275765,0.675014606,0.86044187
VTA1,320.7563274,-0.122382542,0.157946766,-0.774834111,0.43843769,0.704965854
MLXIPL,8.396767622,-0.215077689,0.507641968,-0.423679883,0.671799289,0.858943707
BAZ1B,1994.26544,-0.150703616,0.145187012,-1.037996539,0.299271667,0.579767918
RANBP9,1006.321736,-0.268200331,0.14912465,-1.798497641,0.072098182,0.258236005
ETV7,32.10350583,0.100331839,0.321964643,0.31162378,0.75532646,0.903469793
SPRTN,150.0402221,-0.602696318,0.198113376,-3.042178837,0.002348723,0.022017944
METTL13,133.7290405,0.242692007,0.33291369,0.728993773,0.466005471,0.724489525
DYRK4,94.87907195,0.718680778,0.278584861,2.579755323,0.009887034,0.06579354
ZNF207,3561.995296,-0.046850191,0.123482193,-0.379408475,0.704384558,0.876766038
UQCRC1,85.54849214,-0.008150962,0.220032135,-0.037044415,0.970449592,0.989765021
STARD3NL,162.9596208,-0.779975369,0.198278503,-3.933736422,8.36E-05,0.001389083
CD9,10.04887624,3.338430732,0.627977939,5.316159253,1.06E-07,3.83E-06
HHATL,0.439728739,-0.179454669,0.604456515,-0.296885987,0.766553555,NA
NCAPD2,514.4230798,0.148276794,0.201171297,0.737067347,0.461081395,0.721836141
IFFO1,246.3471296,-0.23359601,0.264463089,-0.883283981,0.377082857,0.654593539
GIPR,87.60692683,0.123137764,0.323402585,0.380756893,0.703383649,0.876349652
PHF7,51.8587441,0.28942961,0.398213375,0.726820416,0.467335975,0.725588751
SEMA3G,1.512386865,0.571434807,0.729405623,0.783425284,0.433377413,NA
NISCH,639.3561705,-0.194879172,0.134399304,-1.45000135,0.147058143,0.394035249
STAB1,4.640043309,1.188572506,0.719936191,1.650941458,0.098750529,0.315539066
FUZ,34.90660053,0.234328724,0.35339891,0.66307144,0.507284801,0.755369422
SLC6A13,3.232637111,0.576133996,0.679419981,0.847979176,0.396449568,0.671376758
IDS,4226.708756,-1.588759769,0.200462869,-7.925456606,2.27E-15,2.79E-13
PRSS3,2.208857517,0.280492429,0.712291388,0.393788882,0.693736914,0.871381634
ZNF200,209.1847182,0.34224771,0.211852994,1.615496215,0.106203279,0.326966253
CD4,12.58716508,0.485121234,0.569747352,0.85146729,0.394509826,0.669497465
LRRC23,44.15497362,-0.897529049,0.315304144,-2.846550118,0.004419577,0.035961402
BTK,2.21456946,-0.616495523,0.743174367,-0.829543578,0.406796889,0.679599238
HFE,31.86804576,-0.197992064,0.414708354,-0.477424828,0.633059638,0.835142962
SCMH1,267.3798657,-0.302018828,0.227322309,-1.328592995,0.183982284,0.447227062
FYN,2330.740984,-0.905777856,0.136226534,-6.649056007,2.95E-11,2.10E-09
HIVEP2,3786.947213,-0.064954716,0.126130369,-0.514980784,0.606566448,0.819772765
FMO1,3.326190953,-0.338565955,0.73706797,-0.459341564,0.645988904,0.843258243
ELOA,291.6753407,-0.089535658,0.179109401,-0.499893682,0.617149942,0.826370676
LYPLA2,142.4072743,-0.211219485,0.244306031,-0.864569262,0.387275249,0.663142615
CLCN6,240.3606694,0.30274875,0.256492248,1.18034269,0.237863945,0.514318405
MRC2,27.61193008,3.523888482,0.513687588,6.859983703,6.89E-12,5.32E-10
NME1-NME2,5.175403094,1.20094635,0.719896352,1.668221191,0.095271826,0.308192312
SLC6A7,1.655252624,1.298788868,0.718861775,1.80672963,0.070804445,NA
TSPAN9,2.02502214,0.280353614,0.735944026,0.380944208,0.703244648,0.876316141
BTBD7,289.4484315,-0.305335799,0.161645548,-1.888921791,0.058902309,0.227470484
APBA3,73.37065753,-0.236798939,0.238544734,-0.992681476,0.320865205,0.600387855
MKS1,62.87393639,0.249592065,0.268656164,0.929039039,0.352868855,0.631502817
ABHD5,56.18625079,-0.755283781,0.295608162,-2.555016668,0.010618271,0.069313923
ANOS1,5.265793416,0.432243436,0.636748013,0.678829657,0.4972458,0.747791058
AKAP8L,279.3059497,-0.101544792,0.154082977,-0.659026674,0.50987864,0.757303401
MBTD1,420.7261841,0.007000012,0.247505661,0.028282232,0.977437052,0.993013098
UTP18,318.2702391,-0.179248297,0.214195718,-0.836843512,0.402680535,0.676862308
RNF216,1251.31037,0.070005982,0.156911078,0.446150669,0.655488414,0.849087178
TTC19,708.4209429,-0.602133187,0.163681416,-3.678689999,0.000234435,0.003330198
PTBP1,1120.542142,-0.288889329,0.15658813,-1.84489929,0.06505219,0.242255931
DPF1,15.7256133,0.936003174,0.489232113,1.913208782,0.05572133,0.219291919
SYT7,1.559119128,-0.267703181,0.737437784,-0.363017989,0.716591447,NA
LARS2,153.6739857,0.235097337,0.297481999,0.790290968,0.42935786,0.697316556
PIK3C2A,881.4390313,-0.178344073,0.183491586,-0.971946871,0.331076981,0.610611407
PLAUR,40.04318437,-0.713672,0.318073034,-2.243736261,0.024849376,0.12661511
ANLN,86.61972169,0.315046579,0.361294051,0.871994928,0.383211145,0.659022502
WIZ,187.8761775,0.137029505,0.210816505,0.649994199,0.515695969,0.76052286
RABGAP1,596.4504074,0.281454829,0.197049919,1.428342781,0.15319322,0.404215704
DCN,43.82324282,0.31838753,0.29893871,1.065059555,0.28684898,0.567426216
QPCTL,28.51266064,-0.345989183,0.451042333,-0.767088048,0.443029168,0.709030117
PPP5C,322.3222785,0.264440409,0.170581525,1.550228889,0.121086588,0.353040765
CEP68,755.1363231,0.143676751,0.157536309,0.912023085,0.361756565,0.641055018
MAP4K3,194.462034,0.089269404,0.149609788,0.596681575,0.550719997,0.782728674
ZBTB32,10.37733451,0.811787674,0.56145663,1.445859984,0.148216477,0.395983884
TYROBP,12.70173269,-3.256984951,0.603780911,-5.394315867,6.88E-08,2.60E-06
TMEM159,17.01182338,0.185819316,0.384798649,0.482900127,0.629166652,0.833021676
GABRA3,5.621861032,1.138385835,0.736726553,1.545194524,0.122299219,0.354570262
BRCA1,130.7773132,-0.032200032,0.27626681,-0.11655411,0.907213405,0.965058663
ERCC1,221.810556,-0.240677403,0.205681316,-1.170147139,0.241941761,0.518749734
CD22,35.95339647,0.513794831,0.421737766,1.218280345,0.223117457,0.496375471
SEMA3B,3.774609639,0.850428995,0.674692239,1.260469507,0.207500041,0.477373607
MBTPS2,144.5556221,-0.048730691,0.275992686,-0.176565154,0.859849967,0.947433426
PRICKLE3,60.08541448,0.126044509,0.314913505,0.400251203,0.688971505,0.868446756
LTF,3.242105567,-0.460216174,0.74234722,-0.619947325,0.535292467,0.773026434
EXTL3,168.6957484,0.219057376,0.330751744,0.6623015,0.507778016,0.755618653
NR1H4,1.371913196,0.283739499,0.694142021,0.40876289,0.682713676,NA
ELOVL5,602.364943,-0.874973392,0.156627515,-5.586332605,2.32E-08,9.86E-07
ALOX5,7.076229863,-0.8907171,0.644654079,-1.381697765,0.167064521,0.42476509
KDM5D,612.5165611,-0.156405427,0.709960584,-0.220301565,0.825636302,0.933122429
CALCOCO1,924.5695794,-0.178078382,0.200613329,-0.887669741,0.374718427,0.652426574
UBR7,108.2317816,0.158939357,0.227189333,0.699589876,0.484183467,0.739324799
MAP4K5,455.8576951,-0.275947582,0.167698115,-1.645501992,0.099866332,0.318008959
EHD3,78.83234274,-0.796309201,0.230250215,-3.458451507,0.00054329,0.006600601
PSMC4,100.8579873,-0.124942816,0.224965701,-0.555386068,0.57863062,0.802598524
MAN2B2,608.1650882,-0.181765442,0.1648156,-1.102841252,0.27009611,0.550424143
SLC7A14,55.315598,-0.01292148,0.311309287,-0.041506888,0.966891802,0.988539603
CLDN11,47.5033219,-0.097900875,0.254580338,-0.384557879,0.700565006,0.874857431
SLC25A39,474.4572071,-0.251283985,0.199885239,-1.257141281,0.208702481,0.478829123
MVP,363.2670355,0.057722294,0.174134555,0.331480985,0.740281202,0.895861485
NUB1,930.0231132,-0.390140491,0.239236319,-1.630774512,0.102937908,0.322297324
PGM3,269.2047498,-0.360861879,0.286083539,-1.261386379,0.207169673,0.477048178
RWDD2A,54.12542586,0.02243271,0.358576677,0.062560427,0.950116542,0.982232815
CLK1,3028.437633,-0.77506025,0.266639456,-2.906772541,0.003651786,0.031134163
POLR3B,184.8436455,-0.081174259,0.238517925,-0.340327709,0.733609752,0.892483881
ANGEL1,347.4258177,0.299427127,0.233205621,1.28396188,0.199155294,0.467687216
RNF14,129.9028552,-0.042145723,0.246656983,-0.170867748,0.864327757,0.949394821
DNASE1L1,64.04476795,-0.201260081,0.25544673,-0.787874954,0.430769853,0.698631201
DDX11,486.3792339,0.030740975,0.310175657,0.099108277,0.9210523,0.970398312
HEBP1,52.08307868,0.929382556,0.322619634,2.880737741,0.003967456,0.033194524
GPRC5A,39.73189152,0.060862729,0.306004797,0.198894689,0.842345124,0.941583736
MAMLD1,29.04182636,-1.852200796,0.572636067,-3.234516482,0.001218489,0.012822125
CD6,1680.531746,-0.176840622,0.189078882,-0.935274313,0.34964695,0.628085419
TACC3,769.8049383,0.415255133,0.212206041,1.956848787,0.050365249,0.204951986
UFL1,1049.146137,0.100738423,0.185039035,0.544417144,0.586154451,0.807977294
POLA2,178.3342892,0.43606821,0.284123612,1.534783422,0.124837036,0.358843616
ZC3H3,102.5488246,-0.083668281,0.301608907,-0.277406531,0.781467967,0.912744728
CAPN1,294.7586788,-0.545767702,0.239199779,-2.281639659,0.022510623,0.118104379
ACPP,21.85637162,0.241256111,0.426421821,0.56576868,0.57155104,0.796896368
MDH1,386.6110373,0.366675197,0.170386658,2.152018248,0.031395917,0.148699784
SLC30A9,482.8888124,0.044981189,0.262026244,0.17166673,0.863699543,0.949116717
MTMR11,8.255697407,0.429418454,0.495720609,0.866250961,0.386352553,0.662563557
COX15,373.793855,0.511748116,0.19507558,2.623332541,0.008707424,0.060453952
CCDC88C,2740.17172,-0.136628762,0.122410119,-1.116155785,0.264355457,0.544653554
YAF2,301.7386005,-0.424406121,0.166181554,-2.553870213,0.010653296,0.069518095
ZMYND11,1098.585946,-0.266879879,0.149377445,-1.786614294,0.07399985,0.262946794
WAS,537.4737186,-0.123348496,0.192443656,-0.640959016,0.521549311,0.765140661
DPEP1,0.290391089,-0.07799709,0.538543764,-0.144829623,0.884845393,NA
BID,153.939246,-0.565785654,0.252751913,-2.238501962,0.02518834,0.127920634
MATR3,2854.473037,-0.151992422,0.157832689,-0.962997102,0.335548978,0.61494662
NPC1L1,2.359846231,1.026356751,0.743515615,1.380410485,0.167460294,0.42519685
XYLT2,141.0363534,-0.501598798,0.167576406,-2.993254294,0.002760197,0.025027941
RGPD5,614.5460626,-0.629729155,0.254644477,-2.472973941,0.013399391,0.082041422
STMN4,9.353665345,0.763446037,0.464417674,1.643878083,0.100201388,0.318638353
NUDCD3,401.7984054,0.235048516,0.210092561,1.118785524,0.263231649,0.54309092
ISL1,0.294232789,0.252740351,0.538258022,0.469552409,0.638674833,NA
CHDH,26.15154556,0.279007309,0.319296086,0.87382001,0.382216282,0.658746313
IL20RA,1.617744334,0.715022185,0.705368821,1.013685555,0.310732819,NA
CLCA1,0.749358779,0.780792568,0.68149568,1.145704354,0.251917502,NA
CLCA4,1.681733823,0.451137623,0.734770854,0.613984101,0.539225833,NA
GLT8D1,304.7634466,0.389628399,0.161768384,2.408557154,0.016015718,0.093113008
ATP2C1,590.7948528,-0.136287972,0.17802852,-0.765540105,0.443949995,0.709639052
IGF1,15.64601383,0.062957199,0.465424716,0.135268276,0.892399767,0.959341669
SLC38A5,34.68341701,-0.475059005,0.403531584,-1.177253588,0.239094306,0.515644365
RALBP1,582.8768604,-0.290106144,0.231672132,-1.252227199,0.210487088,0.480965199
RUFY3,183.7263842,-0.020265125,0.198070278,-0.102312799,0.918508397,0.969702239
CNTN1,3.418311926,0.147040245,0.742096608,0.198141648,0.84293424,0.941753832
SLC11A1,43.92658501,0.277407812,0.360454785,0.769605021,0.441534226,0.707614284
WWTR1,17.65833143,0.636670954,0.459296884,1.386186096,0.165690086,0.422764092
AGPS,464.0939551,0.02327465,0.203604689,0.114312939,0.908989726,0.965717605
ZNF806,0.15787023,0.025610652,0.537837761,0.047617802,0.962020845,NA
CXorf56,54.14255577,-0.095828227,0.2582899,-0.371010351,0.710629822,0.879493293
ATP1A2,5.377203311,0.638945016,0.719839479,0.887621525,0.374744371,0.652426574
TTC27,310.685302,0.088070991,0.184636555,0.476996502,0.633364613,0.83530108
ZNF582,37.29452489,0.44002752,0.350956351,1.253795575,0.209916318,0.480366101
VSIG2,5.612166274,-0.073891639,0.585144718,-0.126279255,0.899510877,0.962383263
PHLDB1,79.9895423,0.15515612,0.300685057,0.516008748,0.605848299,0.819484608
MARCO,0.540279875,0.394472286,0.620539286,0.635692686,0.524976744,NA
CYP24A1,1.961763094,0.281227175,0.744684954,0.37764584,0.705693707,0.877364271
PRDM11,141.4124375,-0.138328638,0.227063421,-0.609207055,0.542387205,0.777499632
SYT13,2.386632714,0.214774646,0.693697044,0.309608708,0.756858534,0.904004213
SNAI2,1.367026625,0.5004913,0.682882972,0.732909328,0.463613733,NA
CD74,2666.667467,-1.555761684,0.185746066,-8.375745022,5.49E-17,8.08E-15
HGF,1.994557273,1.391662837,0.74420507,1.869999133,0.061483938,0.233727763
ZRANB1,663.1746864,-0.31113864,0.196532269,-1.583142762,0.113388929,0.340291129
NCDN,170.0264468,0.223087319,0.222785333,1.001355501,0.316654969,0.596101775
ADGRA2,7.312083249,1.680594453,0.593422428,2.832037304,0.004625245,0.03724286
CCT8L1P,0.14345538,-0.0527631,0.537837761,-0.09810226,0.921851093,NA
ZFP64,128.790462,0.067577371,0.189384238,0.356826797,0.721221474,0.885722706
MNAT1,143.401416,-0.423391371,0.211298465,-2.003759805,0.045095796,0.189867315
SAMD4A,27.16507048,0.021586697,0.359244309,0.060089182,0.952084606,0.982937829
RUNX3,2330.626524,-1.627667248,0.140650085,-11.57245837,5.68E-31,2.93E-28
MRE11,431.0563226,0.15292315,0.162755911,0.939585844,0.34743004,0.626326121
PLEKHB1,242.6685211,0.792096295,0.227850005,3.476393581,0.000508206,0.006223258
SERPINB1,426.9827402,-0.053293381,0.147344807,-0.361691612,0.717582496,0.883559465
CYP3A43,13.32156798,0.399467269,0.413001348,0.96722994,0.333429098,0.612999368
SLC7A9,6.446160145,0.619856131,0.515721064,1.201921299,0.229394021,0.504112519
SPAST,449.6899076,-0.265372604,0.183293609,-1.447800637,0.147672814,0.394986455
NRXN3,18.0779577,0.057193896,0.652301905,0.0876801,0.930130937,0.973967892
OSBPL5,73.37576245,1.536076563,0.273150102,5.623562115,1.87E-08,8.11E-07
AQR,1278.096597,-0.053536595,0.154122607,-0.347363676,0.728318119,0.890153305
CPS1,15.21146347,2.01058011,0.508839726,3.951303344,7.77E-05,0.001303492
C8B,1.913767829,0.526691625,0.725853749,0.725616732,0.468073761,0.726001539
FHL1,93.9045237,-1.255548429,0.257644188,-4.873187467,1.10E-06,3.08E-05
RTFDC1,442.6990129,0.140670492,0.167802512,0.83830981,0.401856728,0.675979958
GABRA1,4.245615096,0.448870203,0.696972719,0.644028368,0.519557039,0.763834074
NLRP2,22.69896088,0.727495731,0.39351553,1.848709073,0.064499833,0.241092012
SLC45A4,47.13270802,-0.773990612,0.247087108,-3.132460524,0.001733477,0.017142576
RNF10,576.7151706,-0.111791782,0.173874708,-0.642944469,0.520260133,0.764322616
ZNF839,192.8127544,-0.105192858,0.343043404,-0.306645913,0.759112903,0.904702376
ZDHHC6,963.4343319,0.131026448,0.16313571,0.803174533,0.421873863,0.69078587
GRAMD1B,241.648939,-1.391023462,0.274522254,-5.067069935,4.04E-07,1.27E-05
RNH1,90.60924125,-0.371232265,0.236891852,-1.567095965,0.117092262,0.347154765
NDUFS1,460.2670661,0.046643704,0.13012031,0.358465976,0.719994626,0.885164565
RB1CC1,973.8296634,-0.248836387,0.227345905,-1.094527684,0.273723613,0.553711441
ERP44,431.3443113,0.161136549,0.174867535,0.921477789,0.356801032,0.635418978
ALAS1,107.4683039,0.167651037,0.28360338,0.591146117,0.554422523,0.785703662
BIRC3,1441.064392,-0.616985277,0.210597083,-2.929695263,0.003392946,0.029496686
AKAP11,1974.823728,0.070146474,0.133655753,0.52482944,0.599701764,0.815963852
GLRX2,16.06404164,-0.894250894,0.577439514,-1.548648597,0.121466217,0.353497521
SNAPC1,155.2121174,-0.139802154,0.171436537,-0.815474675,0.414800655,0.685565799
DERA,99.56528983,0.160989768,0.30207451,0.532947212,0.594070122,0.813207739
STRAP,649.8062779,-0.077741644,0.156101144,-0.49802098,0.618469255,0.827085892
ABCC2,33.61616677,-0.042253173,0.417572758,-0.10118757,0.919401563,0.970092486
DEF6,784.5864565,0.234469233,0.121424607,1.930986136,0.053484767,0.213524725
PLEKHO1,250.7881206,-0.903047663,0.268828805,-3.35919234,0.000781706,0.008902527
GCLM,192.2526219,-0.098317978,0.177896125,-0.552670713,0.580488911,0.803793871
UBR2,1282.697759,-0.107630288,0.159303835,-0.67562898,0.499276237,0.749217241
EHD2,31.28295146,0.158230556,0.739739253,0.213900446,0.830624692,0.935579827
DEPDC1,15.06146049,0.444822218,0.61121552,0.727766562,0.466756497,0.725170968
CCDC28A,182.905663,-0.013638753,0.217873939,-0.062599284,0.950085599,0.982232815
RRAGD,45.64599069,-0.607535034,0.260745598,-2.329991525,0.019806599,0.108137736
HSF2,215.7084984,0.679153357,0.259722688,2.614917322,0.008924906,0.061369477
PHF20,998.0917531,-0.23179564,0.162969407,-1.422326099,0.154931606,0.406892858
HSD17B6,3.730282,0.529802404,0.727858457,0.727892077,0.466679653,0.725112306
NR1H3,19.38700541,0.094303414,0.438042373,0.21528377,0.829546083,0.93523395
TYMP,37.92259904,-1.034539267,0.403692849,-2.562689111,0.010386501,0.068281488
NCAPH2,131.1812998,-0.270345894,0.256592836,-1.053598759,0.292066658,0.573317177
TOMM34,117.4828969,0.010986499,0.252227768,0.043557848,0.965256852,0.988224584
SEC63,1017.875804,-0.180121104,0.189227437,-0.951876251,0.341159745,0.620929543
KPNA6,1020.633415,0.150316924,0.181626245,0.827616755,0.407887576,0.68049733
VIM,6746.768676,-0.979986283,0.242086925,-4.048076055,5.16E-05,0.000919524
RTEL1-TNFRSF6B,40.23025849,0.160332712,0.471917791,0.339747123,0.734046971,0.892585363
FAS,126.6985672,-2.34889137,0.318328704,-7.378823661,1.60E-13,1.57E-11
RNASET2,325.7319551,0.235918013,0.308800036,0.763983114,0.444877305,0.709783606
CD44,11501.159,-0.629118752,0.155412843,-4.048048678,5.16E-05,0.000919524
KCNG1,6.689741962,1.010421703,0.617486108,1.636347261,0.10176693,0.320812249
AGPAT4,193.3407914,-1.275596236,0.240581686,-5.302133575,1.14E-07,4.07E-06
SLAMF7,796.0848351,-4.806397008,0.363870351,-13.20909218,7.78E-40,8.01E-37
BTN3A1,2252.549281,0.031405655,0.189834994,0.165436593,0.868600354,0.950588011
MIPEP,54.12290046,0.041886559,0.342572112,0.122270778,0.902684574,0.963223525
PRKCH,4921.309989,-0.081414826,0.148105779,-0.54970729,0.582520156,0.804984278
INSRR,1.89259191,-0.293039038,0.729562703,-0.401663952,0.687931358,0.8682253
IFNGR1,178.4196608,-1.215853073,0.189642904,-6.411276391,1.44E-10,8.92E-09
B4GALT7,112.4076077,-0.151199947,0.316745586,-0.477354552,0.633109671,0.835142962
SH2D2A,414.88104,-1.525582313,0.227654862,-6.701294661,2.07E-11,1.51E-09
VRK2,176.4160155,-0.366365308,0.225987804,-1.621172916,0.10498056,0.324795273
TNFRSF1B,542.8254528,-2.236410002,0.198527915,-11.26496496,1.95E-29,9.06E-27
VEZT,431.938306,-0.262109728,0.200774807,-1.305491121,0.191725669,0.457949608
POU2F2,463.1803447,-0.049616486,0.221425904,-0.224077151,0.822697271,0.931644845
BRD9,281.2836333,-0.574045019,0.189422125,-3.030506691,0.002441438,0.022749148
SNX1,1190.409284,0.495269671,0.271019613,1.827431104,0.067634976,0.247536808
TBPL1,175.5906321,-0.453046656,0.226398745,-2.001100566,0.045381553,0.190816444
ARNTL2,74.62124402,0.296845336,0.438618304,0.676773709,0.498549542,0.748611178
BCLAF1,6448.8751,-0.50616012,0.183041937,-2.765268591,0.005687594,0.043855466
SLC39A9,488.5664401,-0.180283497,0.16437896,-1.096755307,0.272748372,0.553068948
ANK1,20.23435367,0.999179345,0.43774169,2.282577529,0.022455266,0.117980768
IBSP,0.50119335,-0.227551563,0.614879347,-0.370075144,0.711326501,NA
TFB1M,131.0923289,0.599271381,0.188273248,3.18298743,0.001457639,0.014859821
RABEP1,1068.060219,0.159649523,0.145644502,1.096158943,0.273009224,0.553130169
HMGB3,84.36924686,-1.459556412,0.387611543,-3.765513276,0.000166207,0.002513022
NUP160,822.1479147,0.506176193,0.228697281,2.213302193,0.026876819,0.133498993
BAK1,120.1631076,-0.493116869,0.235249859,-2.096140972,0.036069687,0.162497533
MUSK,1.378099284,0.717848707,0.739931797,0.970155236,0.33196912,NA
IKZF2,289.8239287,1.836312614,0.356990445,5.143870492,2.69E-07,8.85E-06
GRN,80.13716451,-1.099954203,0.46700818,-2.355321061,0.018506708,0.103228035
FAM13B,965.9769543,-0.209478765,0.188309049,-1.112420067,0.265957581,0.54634537
ARHGAP31,66.8541134,-0.6789625,0.396214368,-1.713624129,0.086597779,0.290780453
CENPQ,24.16585293,0.729939654,0.436962499,1.67048581,0.094823285,0.307438234
SARS,383.4006187,0.281399569,0.161681017,1.740461404,0.081778031,0.280485495
RANBP3,379.8428768,0.205795065,0.148831973,1.382734238,0.16674637,0.424287293
ARID4A,1435.323989,-0.120640506,0.164129107,-0.735034194,0.46231867,0.722405642
EIPR1,87.86504424,-0.249763745,0.213605591,-1.169275319,0.242292724,0.518934959
PNPLA6,146.4175068,-0.206975792,0.253481781,-0.816531235,0.414196366,0.685467475
IFT88,111.7153911,0.393538967,0.27008392,1.457098846,0.145089097,0.391459416
ALG1,72.3719334,0.474370501,0.221104429,2.145459061,0.031916161,0.150090906
ZCCHC8,270.0027762,-0.094398898,0.171394769,-0.550768843,0.581792145,0.804811613
ABCF2,288.4767585,0.208584493,0.236302909,0.882699643,0.377398575,0.654878806
CHPF2,171.7401625,-0.294971215,0.227000151,-1.299431801,0.193795784,0.461054038